sns_1_Indiv: [-67, 6, -18, -3, -49, -10, -8, -1, 12, -5, -2, -2, 14, 8, -23, 0, -28, -5, 7, 5, -13, 12, -3, -4, 1, 12, 3, -3, -36, 1, 6, 10, 12, 6, 9, -9]
sns_2_Indiv: [-90, 0, 0, 0, 492, 285, 0, 0, 51, 0, 0, 0, 38, 5, 192, 0, 47, 0, 0, 0, -4, 0, 0, 0, 7, 41, 1, 10, 18, -1, 25, 12, 28, 14, 3, 12]
sns_3_Indiv: []
---
sns_1_Indiv: [46, 1, -10, 2, -4, -21, 16, -24, -17, -5, 8, 9, 10, 6, -16, -6, -2, 18, 10, 16, -1, 16, -2, 10, 8, 6, 20, 11, 13, 21, 2, 2, 43, 1, -2, -9]
sns_2_Indiv: [-90, 0, 0, 0, 410, -28, 0, 0, -53, 0, 0, 0, 96, 17, 15, 0, -3, 0, 0, 0, 2, 0, 0, 0, 58, 2, 53, 14, 20, -1, 6, 18, 20, 14, 18, 13]
sns_3_Indiv: []
---
sns_1_Indiv: [-20, -3, 10, 21, -55, 21, 5, 13, -80, -1, 5, 9, 14, 0, 12, -10, 13, 16, 5, 4, 4, -2, 8, 3, -32, 6, 8, -5, 32, 2, 9, 3, 7, -4, 3, 10]
sns_2_Indiv: [169, 0, 0, 0, 492, 290, 0, 0, 227, 0, 0, 0, 104, 12, -23, 0, -3, 0, 0, 0, -3, 0, 0, 0, 5, 6, 28, 15, 22, -1, 16, 6, 12, 9, 18, 12]
sns_3_Indiv: []
---
sns_1_Indiv: [-30, 1, 0, -16, -2, -8, 4, 4, 14, 2, 6, -11, 16, -14, 19, -5, -14, -1, -7, -2, 8, 11, 8, 4, 8, -4, 4, 3, 21, 1, 3, 9, 14, -2, 7, 5]
sns_2_Indiv: [290, 0, 0, 0, 282, -28, 0, 0, -53, 0, 0, 0, 15, 21, -23, 0, -3, 0, 0, 0, 5, 0, 0, 0, 5, 46, 7, 10, -8, -1, 14, 9, 29, 13, 28, 15]
sns_3_Indiv: []
---
sns_1_Indiv: [-24, 7, -14, 9, 15, 6, -17, -5, 41, 11, -3, 2, -38, 8, -1, -15, -25, 5, -1, 12, -23, 6, -7, 6, 18, 1, 12, 3, -18, 15, 11, 10, -16, -6, -1, -4]
sns_2_Indiv: [418, 0, 0, 0, 491, 286, 0, 0, 222, 0, 0, 0, 12, 9, -25, 0, -3, 0, 0, 0, -4, 0, 0, 0, 14, 27, 65, 13, 6, -1, 24, 8, 18, 14, 11, 6]
sns_3_Indiv: []
---
sns_1_Indiv: [29, 0, -1, 0, 22, -11, 13, 4, -1, -3, 2, 5, 12, 4, 19, -7, 16, 4, 15, 7, 5, -3, -13, 7, 22, 10, 2, 11, -32, 1, 9, -2, -2, 0, 12, 4]
sns_2_Indiv: [-90, 0, 0, 0, -486, -28, 0, 0, 210, 0, 0, 0, 6, 9, -58, 0, -3, 0, 0, 0, 5, 0, 0, 0, 16, 18, 52, 7, 24, -1, 12, 14, -7, 5, -2, 9]
sns_3_Indiv: []
---
sns_1_Indiv: [19, -6, 13, 13, 20, 31, -11, 13, 15, 9, 13, -2, -33, 4, 25, 6, -18, 0, -2, -10, 14, 9, 1, 15, 8, 4, 5, 1, -27, -4, 3, 0, -6, -6, 7, 11]
sns_2_Indiv: [291, 0, 0, 0, 282, -28, 0, 0, -52, 0, 0, 0, 36, -7, 65, 0, 3, 0, 0, 0, -4, 0, 0, 0, 12, 75, 4, 15, -10, -1, 20, 8, 11, 6, 6, 3]
sns_3_Indiv: []
---
sns_1_Indiv: [-27, 6, 9, 1, 25, -3, 7, 1, -38, -5, 14, -4, -33, -5, 0, 0, 23, -6, 23, 4, -35, 3, -33, -2, -2, 4, 24, 1, 22, 1, -13, -5, -1, -2, 5, -4]
sns_2_Indiv: [294, 0, 0, 0, 487, 164, 0, 0, -30, 0, 0, 0, -4, 5, 47, 0, 3, 0, 0, 0, -4, 0, 0, 0, 50, 1, 39, 4, -5, -1, 11, 8, 5, 5, 10, 8]
sns_3_Indiv: []
---
sns_1_Indiv: [3, 2, 6, -9, 10, -2, -5, 12, -80, 10, 4, 9, 26, 13, 7, 8, 5, 13, 9, 15, 6, 17, -14, 11, -43, -2, 6, -5, -19, -1, 11, 18, -17, -1, -3, 4]
sns_2_Indiv: [-90, 0, 0, 0, -106, -28, 0, 0, 55, 0, 0, 0, 65, 3, -28, 0, -3, 0, 0, 0, 5, 0, 0, 0, -3, 9, 26, 10, 34, -1, 11, 8, -10, -1, 3, 9]
sns_3_Indiv: []
---
sns_1_Indiv: [18, -8, 12, 4, 12, 27, 17, -11, 3, 22, 15, -3, 24, 6, 35, 8, -9, -1, 27, -5, -16, 18, -6, 8, -40, 18, 12, 2, -25, -5, -7, 4, -4, -3, 5, 3]
sns_2_Indiv: [-90, 0, 0, 0, 491, 168, 0, 0, -52, 0, 0, 0, 43, 3, -53, 0, 15, 0, 0, 0, 4, 0, 0, 0, 9, 28, 22, 15, 1, -1, 23, 28, 15, 12, 17, 14]
sns_3_Indiv: []
---
sns_1_Indiv: [40, 7, 3, 14, 39, 11, 9, 0, -56, 8, 14, 4, 26, -1, 10, 10, 11, 18, 15, 6, -22, 2, -11, 11, 11, 5, 10, -1, 25, 12, 21, 6, 20, 5, 9, -4]
sns_2_Indiv: [-90, 0, 0, 0, 284, -28, 0, 0, -52, 0, 0, 0, -14, 7, -52, 0, -4, 0, 0, 0, -4, 0, 0, 0, 21, 39, 14, 2, 13, -1, 17, 9, 24, 7, 7, 10]
sns_3_Indiv: []
---
sns_1_Indiv: [1, 8, -9, 2, 19, 21, 13, -4, 3, -2, -2, 6, 11, -3, 24, 16, -7, 3, -1, -4, 9, 11, 4, 43, 5, 5, 15, 5, 16, 9, 5, 0, 1, -8, 2, 10]
sns_2_Indiv: [164, 0, 0, 0, 333, -28, 0, 0, -52, 0, 0, 0, 56, 6, 222, 0, 4, 0, 0, 0, 2, 0, 0, 0, 30, 16, 49, 9, 3, -1, 16, 7, 35, 8, 19, 4]
sns_3_Indiv: []
---
sns_1_Indiv: [12, -8, 17, 3, 56, 35, 4, -13, -62, 1, 11, 3, 1, 2, 27, 8, -8, -5, -11, 5, -24, -4, -14, 17, -41, 0, 11, -5, -28, 7, 3, -2, 9, 1, 6, 3]
sns_2_Indiv: [292, 0, 0, 0, 405, -28, 0, 0, 64, 0, 0, 0, 53, 24, -39, 0, 4, 0, 0, 0, 5, 0, 0, 0, 17, 6, 59, 13, 2, -1, 22, 9, 18, 12, 30, 2]
sns_3_Indiv: []
---
sns_1_Indiv: [30, -5, 1, 8, 50, -7, -4, 7, 19, -7, 14, 2, 13, -2, 15, 1, 18, 13, 33, 2, 16, 7, 4, -13, 16, 6, 13, 4, 25, 6, 2, -15, -35, -4, 3, 8]
sns_2_Indiv: [-90, 0, 0, 0, 406, -28, 0, 0, -24, 0, 0, 0, 44, 10, 66, 0, 4, 0, 0, 0, -3, 0, 0, 0, 10, 36, 36, 12, 21, -1, 18, 8, 27, 7, 17, 19]
sns_3_Indiv: []
---
sns_1_Indiv: [15, 9, 11, -14, 24, -16, -4, 3, -40, 8, 13, -4, 17, -2, 1, 10, -5, -1, -1, -3, -8, 7, 17, 9, 14, 16, 6, -7, 48, 11, 9, 4, 10, 8, 11, 9]
sns_2_Indiv: [669, 0, 0, 0, 503, 296, 0, 0, -52, 0, 0, 0, 61, 6, 87, 0, 4, 0, 0, 0, -4, 0, 0, 0, 55, 14, 1, 2, 18, -1, 14, 2, 16, 4, 6, 11]
sns_3_Indiv: []
---
sns_1_Indiv: [-5, 6, 23, 3, 36, 10, 8, 1, 17, 4, 14, 10, 14, -7, -20, -8, 0, 17, -10, -9, 20, 6, -8, 12, 7, 13, 15, 10, 13, 6, 3, 1, -27, -1, 3, -2]
sns_2_Indiv: [250, 0, 0, 0, 409, -28, 0, 0, -21, 0, 0, 0, 15, 15, -25, 0, -3, 0, 0, 0, -4, 0, 0, 0, 64, 10, 77, 12, -3, -1, 34, 19, -10, 9, 19, 5]
sns_3_Indiv: []
---
sns_1_Indiv: [16, 5, 3, 6, -30, -12, 4, -11, -11, 3, 8, 8, 9, 4, 46, 3, -6, 4, 13, 0, 3, -2, 0, 12, 6, 14, 6, 19, 1, 11, 1, 10, -18, -3, 13, 13]
sns_2_Indiv: [-90, 0, 0, 0, 282, -28, 0, 0, -53, 0, 0, 0, 5, 5, -54, 0, -3, 0, 0, 0, -4, 0, 0, 0, 60, 11, 60, 8, 0, -1, 16, -7, 39, 14, 13, 9]
sns_3_Indiv: []
---
sns_1_Indiv: [48, 3, 6, 7, 32, -11, 17, 6, -45, 2, 0, 17, 31, 13, 37, -3, 17, -2, 23, -3, -36, 5, 24, 7, 3, 1, 4, 10, -29, -8, -6, -6, 10, -4, 14, 3]
sns_2_Indiv: [159, 0, 0, 0, 409, -28, 0, 0, 63, 0, 0, 0, 56, 6, -21, 0, 32, 0, 0, 0, -4, 0, 0, 0, 9, 10, 20, 6, 60, -1, 5, 15, 21, 8, 3, 13]
sns_3_Indiv: []
---
sns_1_Indiv: [-40, 3, -8, 12, 40, 13, 8, 7, 19, 1, 3, 8, -27, -6, 18, 3, 11, 13, 5, 8, 13, 8, -1, 10, -10, 15, 4, -9, 15, 1, 12, 18, -22, -6, 4, 7]
sns_2_Indiv: [684, 0, 0, 0, 489, 283, 0, 0, -52, 0, 0, 0, 37, 4, -22, 0, -2, 0, 0, 0, 5, 0, 0, 0, 12, 27, 40, 8, 24, -1, 6, 33, -20, -2, 20, 3]
sns_3_Indiv: []
---
sns_1_Indiv: [40, 0, 19, 10, 48, 22, 5, -10, 27, -1, 9, 2, 11, 5, 17, 8, 10, 9, 15, 2, 15, 4, 15, 10, 12, 5, 8, 13, 25, 8, 2, 15, 12, -2, 15, 5]
sns_2_Indiv: [291, 0, 0, 0, 408, -28, 0, 0, 84, 0, 0, 0, 17, 6, 65, 0, -3, 0, 0, 0, 5, 0, 0, 0, 8, 17, 27, 13, 33, -1, 28, 7, -17, 12, 11, 13]
sns_3_Indiv: []
---
sns_1_Indiv: [-19, 8, 12, 9, 37, 16, 3, 23, 22, 3, 18, 2, -13, 4, 7, -10, -13, -1, -1, 1, 14, 4, -18, 17, 12, 9, 5, -1, -22, 30, 7, 14, 0, 4, 9, 7]
sns_2_Indiv: [509, 0, 0, 0, -485, -28, 0, 0, 203, 0, 0, 0, 35, 11, -2, 0, 116, 0, 0, 0, 5, 0, 0, 0, 15, 31, 12, 8, 11, -1, 16, 10, -17, 0, 24, 1]
sns_3_Indiv: []
---
sns_1_Indiv: [23, 11, -12, 10, 34, 19, 4, -4, -15, 16, 0, 14, 14, 5, 20, 10, 13, 5, -2, -1, -21, 13, 5, 11, 6, 11, 17, 2, 20, 11, 4, -4, 2, 3, 9, 11]
sns_2_Indiv: [-90, 0, 0, 0, 492, 284, 0, 0, -38, 0, 0, 0, 21, -9, -62, 0, -3, 0, 0, 0, -3, 0, 0, 0, 0, -5, 65, 8, 36, -1, 6, 15, 21, -9, 18, 8]
sns_3_Indiv: []
---
sns_1_Indiv: [2, -1, 36, 4, 27, 44, -2, 10, 33, -11, 7, 16, 11, 8, -18, 1, -14, 1, 21, 7, 7, 16, -12, 7, 5, 6, 3, 6, 23, 7, 11, 13, 3, 9, 7, 3]
sns_2_Indiv: [-90, 0, 0, 0, -357, -28, 0, 0, -53, 0, 0, 0, 68, -7, -32, 0, 4, 0, 0, 0, 5, 0, 0, 0, 19, 22, 81, 12, -3, -1, 36, 6, 31, 14, 19, 14]
sns_3_Indiv: []
---
sns_1_Indiv: [-5, -7, -2, -5, 31, 21, 4, 2, 4, -2, 13, 21, 11, 5, 8, 7, -26, 10, 16, -8, 11, -4, 25, 21, 6, 17, 19, 15, 32, 8, 7, 9, 16, 2, -2, 4]
sns_2_Indiv: [422, 0, 0, 0, 492, 292, 0, 0, -53, 0, 0, 0, 7, 0, -46, 0, 118, 0, 0, 0, -4, 0, 0, 0, 47, 6, 82, 17, 7, -1, 18, 4, 9, 1, 20, 7]
sns_3_Indiv: []
---
sns_1_Indiv: [25, 8, 19, 11, 76, 19, 21, 4, 1, 10, 18, 7, 16, 11, 26, 9, 17, 6, 25, 12, 12, 5, -4, 12, 6, 5, 3, 8, -2, 7, 14, 14, -1, -1, 15, 6]
sns_2_Indiv: [-90, 0, 0, 0, 492, 285, 0, 0, -53, 0, 0, 0, -1, 13, -24, 0, -3, 0, 0, 0, 5, 0, 0, 0, 52, 18, -6, 6, 10, -1, 16, 19, 26, 14, 15, 10]
sns_3_Indiv: []
---
sns_1_Indiv: [50, 6, -6, 5, 7, -10, 6, 3, 22, 8, 10, -3, 17, 2, 10, 11, 23, 1, 2, 9, 15, 3, 17, 17, 5, 4, 19, 5, -24, 19, -1, 2, -20, -1, 5, 9]
sns_2_Indiv: [-90, 0, 0, 0, 492, 290, 0, 0, -36, 0, 0, 0, 44, 7, 101, 0, 1, 0, 0, 0, -4, 0, 0, 0, 9, 19, 66, 9, 12, -1, 10, 12, 40, 15, 8, 8]
sns_3_Indiv: []
---
sns_1_Indiv: [12, 8, 16, 20, 21, -2, -8, 6, -47, 11, 7, 10, 16, -6, -7, -3, -6, 4, 13, 5, 0, 6, 1, -4, -7, 21, 4, 14, 30, 6, 13, 17, 21, 1, 3, 23]
sns_2_Indiv: [-90, 0, 0, 0, 490, 286, 0, 0, 72, 0, 0, 0, 40, 13, -48, 0, -3, 0, 0, 0, -4, 0, 0, 0, 20, 25, 23, 4, 20, -1, 24, 13, -6, 8, 9, 15]
sns_3_Indiv: []
---
sns_1_Indiv: [4, 3, -2, 17, 6, 5, 16, 10, -52, 1, 16, 6, -38, -6, 31, 16, 18, 7, 19, 0, 13, -8, 3, 6, 19, 4, 21, 15, 28, 24, 0, 17, -1, -6, -8, -12]
sns_2_Indiv: [561, 0, 0, 0, 492, 285, 0, 0, -30, 0, 0, 0, 5, 7, -23, 0, -3, 0, 0, 0, -4, 0, 0, 0, 21, 33, 55, 8, 25, -1, 19, 18, 23, 2, 2, 11]
sns_3_Indiv: []
---
sns_1_Indiv: [43, -3, 12, 21, 12, 29, 4, 13, 0, 26, 18, 15, 25, 7, 31, 5, -5, -4, 9, 3, -28, 17, -6, 13, 7, 11, 16, 21, -11, 22, 1, 16, -14, 6, 6, -2]
sns_2_Indiv: [-90, 0, 0, 0, 501, 292, 0, 0, 74, 0, 0, 0, 42, 20, 16, 0, 4, 0, 0, 0, -4, 0, 0, 0, 9, 14, 41, 4, -18, -1, 13, 7, -24, 3, 7, 7]
sns_3_Indiv: []
---
sns_1_Indiv: [52, 5, 11, 4, 39, 14, 35, 3, -48, 7, 23, 15, -32, 4, 6, 15, -10, -1, 9, 7, -33, -8, 1, 10, 2, 4, 15, 7, 30, 4, 12, 12, 10, 8, 11, 10]
sns_2_Indiv: [292, 0, 0, 0, 153, -28, 0, 0, -54, 0, 0, 0, -3, 5, -52, 0, 4, 0, 0, 0, 5, 0, 0, 0, 18, 24, 102, 10, 20, -1, 28, 9, 2, 8, 8, 4]
sns_3_Indiv: []
---
sns_1_Indiv: [-2, 10, 1, 17, 50, 3, -4, -5, 18, 20, 4, 18, 24, 18, 23, -4, -24, 6, 2, 6, -19, 5, 30, 1, 23, 16, 7, 8, 15, 6, 12, 9, 9, 0, -3, 9]
sns_2_Indiv: [-90, 0, 0, 0, 152, -28, 0, 0, 84, 0, 0, 0, 28, 20, -45, 0, 4, 0, 0, 0, 15, 0, 0, 0, 6, 11, 34, -2, 8, -1, 18, 7, 23, 72, 2, 5]
sns_3_Indiv: []
---
sns_1_Indiv: [39, 10, 25, 7, 55, 35, 7, 5, 34, -5, 11, 11, 19, 3, 5, -4, 7, -5, 0, 0, -30, 10, 13, 16, 9, 11, 9, 13, 18, 9, -2, 10, 10, 6, 12, 3]
sns_2_Indiv: [291, 0, 0, 0, 23, -28, 0, 0, -55, 0, 0, 0, -1, 13, 64, 0, -3, 0, 0, 0, 5, 0, 0, 0, 9, 14, 44, 10, 7, -1, 20, 4, 28, 9, 22, 8]
sns_3_Indiv: []
---
sns_1_Indiv: [12, 12, 14, 5, 29, 58, 30, 7, 8, 6, 21, 10, 12, 16, 36, -3, 19, 8, -16, 3, -20, 1, -3, -5, 13, 9, 7, 10, 16, 5, 4, -6, 4, -7, -3, -5]
sns_2_Indiv: [255, 0, 0, 0, 280, -28, 0, 0, -52, 0, 0, 0, -3, 12, -33, 0, -3, 0, 0, 0, 2, 0, 0, 0, 17, 11, 6, 13, -19, -1, 29, 10, 19, 3, 4, 12]
sns_3_Indiv: []
---
sns_1_Indiv: [-26, 17, -3, 8, 2, 10, 12, -2, 23, -1, 17, 10, 24, 7, 24, 7, 9, 16, 30, 15, 16, 24, 10, 17, 12, 31, 13, 17, 40, 0, 22, 1, 37, 2, 11, -4]
sns_2_Indiv: [558, 0, 0, 0, 288, -28, 0, 0, -53, 0, 0, 0, 67, 2, 12, 0, 3, 0, 0, 0, 5, 0, 0, 0, 46, 1, 15, 16, 56, -1, 18, -2, 25, 3, 12, 20]
sns_3_Indiv: []
---
sns_1_Indiv: [39, 7, 20, 16, 67, 11, 11, 10, -38, 14, 7, 12, 12, 26, -15, 11, 6, 40, 12, 17, -13, 18, -18, 24, -24, 8, 11, 2, 27, 40, 27, 23, 20, -2, -2, -2]
sns_2_Indiv: [-90, 0, 0, 0, 492, 286, 0, 0, 221, 0, 0, 0, 3, 7, -27, 0, 4, 0, 0, 0, -4, 0, 0, 0, -1, 20, 55, 11, -9, -1, 31, 0, 27, 11, 6, 14]
sns_3_Indiv: []
---
sns_1_Indiv: [58, -9, 4, 14, 47, 8, 34, 2, 23, 2, 6, 9, 11, 7, 0, -8, 13, 6, 3, 2, 14, 14, 16, 17, -45, 16, 22, 8, -18, 16, 7, 5, 10, 3, 21, 5]
sns_2_Indiv: [-90, 0, 0, 0, 411, -28, 0, 0, 83, 0, 0, 0, 39, 19, -26, 0, -3, 0, 0, 0, -3, 0, 0, 0, 2, 26, 85, 12, 16, -1, 16, 9, -13, 5, 16, 3]
sns_3_Indiv: []
---
sns_1_Indiv: [64, 12, 4, 5, 51, 19, 26, 11, 26, 5, -3, -12, 18, 11, -6, 18, -15, 13, -4, 6, -1, 11, 0, 16, 14, 6, -2, 2, 16, 17, 14, 8, 34, 5, 14, 10]
sns_2_Indiv: [567, 0, 0, 0, 486, 155, 0, 0, 62, 0, 0, 0, 2, 5, 101, 0, -3, 0, 0, 0, 5, 0, 0, 0, 4, 29, 95, 2, -7, -1, 7, 4, 26, 18, 5, 2]
sns_3_Indiv: []
---
sns_1_Indiv: [-37, 15, -9, 9, -25, 1, 2, -12, -53, 6, -1, -8, 15, 8, 8, 13, -7, 13, -4, 0, 28, 27, 12, 15, 15, 9, 24, 16, 9, 9, 4, 6, -7, -1, 4, 12]
sns_2_Indiv: [-90, 0, 0, 0, 492, 291, 0, 0, -53, 0, 0, 0, 43, 5, -3, 0, -3, 0, 0, 0, -3, 0, 0, 0, 29, 22, 69, 17, 11, -1, 14, 2, 29, 13, 19, 10]
sns_3_Indiv: []
---
sns_1_Indiv: [44, -3, 42, -3, 35, 11, 18, -3, 8, 12, 69, -7, -38, 2, 16, -9, -20, 7, 21, 13, 14, 16, 23, 5, 6, 12, 15, 2, 27, 12, 11, 22, 32, 1, 9, 12]
sns_2_Indiv: [291, 0, 0, 0, -354, -28, 0, 0, -52, 0, 0, 0, 9, 4, -27, 0, 4, 0, 0, 0, 5, 0, 0, 0, 59, 26, 45, 12, 24, -1, 39, 18, 27, 14, 22, 13]
sns_3_Indiv: []
---
sns_1_Indiv: [23, 12, -9, 28, 34, 19, 23, 4, -9, 5, 15, 15, 11, -3, 9, -5, 6, 0, -6, 0, -3, 10, 24, 9, -20, 1, 27, 15, 22, 11, 1, 13, -11, 0, 9, 18]
sns_2_Indiv: [-90, 0, 0, 0, 25, -28, 0, 0, -52, 0, 0, 0, 48, 8, 73, 0, 1, 0, 0, 0, 5, 0, 0, 0, 22, 16, 34, 5, 3, -1, 20, 8, 14, 12, 16, 7]
sns_3_Indiv: []
---
sns_1_Indiv: [22, 9, 10, 2, 42, 30, 31, 4, -5, 11, 5, 14, 19, 21, 19, 3, 10, -3, 4, 12, -19, 17, 22, 18, 16, 4, 15, 12, -10, 16, 23, 9, 12, -1, 18, 10]
sns_2_Indiv: [290, 0, 0, 0, 492, 293, 0, 0, -30, 0, 0, 0, 14, 8, -63, 0, 4, 0, 0, 0, -4, 0, 0, 0, 9, 17, 38, 9, 18, -1, 5, 15, 13, 15, 14, 2]
sns_3_Indiv: []
---
sns_1_Indiv: [20, -2, 15, 4, 24, -1, -1, 9, -2, 10, 10, 3, 8, 11, 37, 10, 3, -8, 24, 3, -29, 18, -2, 15, 20, 16, 9, 16, -30, 19, 8, 12, 22, 0, 14, 0]
sns_2_Indiv: [293, 0, 0, 0, -104, -28, 0, 0, -38, 0, 0, 0, 26, 1, -8, 0, -3, 0, 0, 0, 3, 0, 0, 0, 13, 21, 64, 12, 3, -1, 16, 19, 24, 5, 10, 2]
sns_3_Indiv: []
---
sns_1_Indiv: [4, 13, 13, 7, 40, 68, 25, -1, 10, 18, 19, 9, 27, 17, 48, 18, 12, -1, 3, 7, -21, 1, 14, 0, -30, 2, 12, 0, -12, 10, 7, 14, 14, 12, 20, 6]
sns_2_Indiv: [-90, 0, 0, 0, 492, 286, 0, 0, -53, 0, 0, 0, 57, -1, -31, 0, 4, 0, 0, 0, 5, 0, 0, 0, 24, 18, 69, 7, 10, -1, 20, 5, -10, 2, 18, 7]
sns_3_Indiv: []
---
sns_1_Indiv: [22, -7, 7, 11, 31, -3, 18, 0, 37, 21, 8, 7, -30, -2, 33, 9, 15, 7, 24, 21, 11, 15, 14, 17, 4, 5, 15, 10, -27, 8, 15, 11, -3, 3, 3, 9]
sns_2_Indiv: [-90, 0, 0, 0, 409, -28, 0, 0, 69, 0, 0, 0, -17, 6, -54, 0, 4, 0, 0, 0, -3, 0, 0, 0, 16, 24, 79, 13, 8, -1, 17, 7, 17, 3, 1, -7]
sns_3_Indiv: []
---
sns_1_Indiv: [61, 3, 10, -3, 31, 13, -2, 3, 18, -2, 10, 11, 14, 5, -10, 16, -21, 15, 2, 0, 10, 10, 6, 5, -25, -4, -4, 2, -19, 19, 18, 14, 6, 1, 16, 7]
sns_2_Indiv: [294, 0, 0, 0, 451, -28, 0, 0, -52, 0, 0, 0, 5, 7, -13, 0, -3, 0, 0, 0, 6, 0, 0, 0, 2, 12, 65, 10, -7, -1, 25, 6, 30, 0, 7, 5]
sns_3_Indiv: []
---
sns_1_Indiv: [-40, 10, 6, 9, -31, -11, 2, -3, -37, -8, 19, 15, 16, 1, 21, 0, -6, -6, 15, 4, 12, 12, 2, -1, 16, 20, 12, 15, 23, 16, 16, 8, 5, 4, 8, 11]
sns_2_Indiv: [-90, 0, 0, 0, 414, -28, 0, 0, -54, 0, 0, 0, 48, -1, -27, 0, -3, 0, 0, 0, 5, 0, 0, 0, -4, 8, 50, 6, -4, -1, 11, 24, 24, 3, 18, 6]
sns_3_Indiv: []
---
sns_1_Indiv: [43, 12, -1, 0, 46, -2, -2, 8, -3, 7, 21, 15, 13, 16, 28, 5, 28, 9, -6, 8, 19, 15, 10, 25, -28, 5, -3, 13, -24, 11, 13, 4, -13, 9, 7, 2]
sns_2_Indiv: [291, 0, 0, 0, 279, -28, 0, 0, 52, 0, 0, 0, -5, 6, -45, 0, 4, 0, 0, 0, -4, 0, 0, 0, 10, 44, 43, 4, 46, -1, 18, 10, 23, 6, 8, 6]
sns_3_Indiv: []
---
sns_1_Indiv: [12, 8, 17, 1, 15, -4, 25, 4, 2, 11, 15, 12, -20, -9, 24, 0, 0, 2, 18, 8, 10, 18, -14, 25, 15, 12, 6, 1, -17, -5, -1, 13, 4, 3, 5, -3]
sns_2_Indiv: [293, 0, 0, 0, 492, 291, 0, 0, -52, 0, 0, 0, 0, 16, -55, 0, -3, 0, 0, 0, -4, 0, 0, 0, 12, 8, 41, 8, -15, -1, 13, 7, -13, 6, 8, 1]
sns_3_Indiv: []
---
sns_1_Indiv: [18, 1, 11, 13, 9, 19, 22, -11, 12, -6, -2, -18, 20, -1, -48, 7, 6, -2, 5, 9, 5, -10, 1, 5, 0, 18, 2, 10, -7, 6, 1, -5, -8, -1, 5, 11]
sns_2_Indiv: [-90, 0, 0, 0, 492, 291, 0, 0, 84, 0, 0, 0, 18, 18, -103, 0, 131, 0, 0, 0, 5, 0, 0, 0, 11, -6, 80, 9, 8, -1, 24, 25, 22, 16, 24, 13]
sns_3_Indiv: []
---
sns_1_Indiv: [42, -1, -3, 3, 43, 13, 22, -7, 7, 2, 16, 7, -38, -9, -23, 17, 5, 7, 14, 5, 7, 34, -7, -2, -33, 3, 5, 11, -11, 15, 10, 9, 22, 9, 5, -9]
sns_2_Indiv: [-90, 0, 0, 0, 409, -28, 0, 0, -52, 0, 0, 0, 39, 22, 13, 0, -3, 0, 0, 0, -4, 0, 0, 0, 19, 23, 58, 4, 6, -1, 26, 9, 39, 16, 2, 6]
sns_3_Indiv: []
---
sns_1_Indiv: [39, 1, -1, 7, 15, -2, -11, 8, 39, 12, 16, 7, 13, 7, 29, 1, -18, -11, 2, -2, 6, 9, 1, -8, 6, 3, 3, 6, 11, 22, 4, 11, 0, -2, 12, -7]
sns_2_Indiv: [289, 0, 0, 0, 492, 291, 0, 0, 69, 0, 0, 0, 53, 14, -25, 0, -3, 0, 0, 0, -4, 0, 0, 0, 12, 11, 56, 6, 3, -1, 22, 13, -16, 10, 12, 8]
sns_3_Indiv: []
---
sns_1_Indiv: [39, 8, 15, 4, 35, -18, -5, -2, 34, 13, 2, 9, 7, 4, 23, 11, 31, 2, 20, 3, -19, 16, 6, -2, 13, 18, -1, 7, 26, 24, 4, 16, 31, 3, 6, -4]
sns_2_Indiv: [383, 0, 0, 0, -359, -28, 0, 0, 83, 0, 0, 0, 44, 8, -24, 0, -3, 0, 0, 0, -4, 0, 0, 0, 24, 11, 106, 15, 10, -1, 12, 11, -16, 5, 19, 11]
sns_3_Indiv: []
---
sns_1_Indiv: [-14, 14, 2, -1, 37, 12, 16, 7, 7, -1, -3, 11, 18, 21, 0, 4, 9, 14, -2, 1, -20, -9, 3, 10, 8, 1, 1, 9, 14, 14, 20, 14, 17, 3, 4, 13]
sns_2_Indiv: [-90, 0, 0, 0, 492, 292, 0, 0, 63, 0, 0, 0, 44, 5, -34, 0, 3, 0, 0, 0, -4, 0, 0, 0, 4, 29, 89, 2, 4, -1, 41, 15, 16, 18, 16, 15]
sns_3_Indiv: []
---
sns_1_Indiv: [-21, 7, 3, -5, 27, -4, -11, 7, 23, 1, 10, 8, 10, 1, 10, -4, 5, 14, 7, 5, 8, 15, 17, -4, 19, 15, 18, 20, 22, 21, -2, 2, -7, 4, 21, 3]
sns_2_Indiv: [-90, 0, 0, 0, 492, 288, 0, 0, -38, 0, 0, 0, 14, 11, 115, 0, 4, 0, 0, 0, 4, 0, 0, 0, 26, 24, 105, 13, 3, -1, 36, 24, 29, 13, 21, 8]
sns_3_Indiv: []
---
sns_1_Indiv: [30, 7, 7, 4, 23, 20, 18, 12, -59, -11, 2, 2, 17, -1, 24, 12, 3, 16, 4, 4, 11, 1, -27, 11, -2, 11, 8, 13, -20, 19, 10, 8, -4, 9, 13, 13]
sns_2_Indiv: [-90, 0, 0, 0, 492, 291, 0, 0, 54, 0, 0, 0, 8, 24, -26, 0, -3, 0, 0, 0, -3, 0, 0, 0, 20, 24, 8, 4, 10, -1, 27, 17, 22, 4, 22, 11]
sns_3_Indiv: []
---
sns_1_Indiv: [52, 4, 7, 3, 31, 24, 8, 7, -6, 1, 7, -2, 11, -1, -26, -10, 14, 19, 20, 5, 8, 8, -8, 20, 26, 15, 14, 13, 28, 9, 9, 6, 27, 3, 10, 15]
sns_2_Indiv: [388, 0, 0, 0, 492, 284, 0, 0, 222, 0, 0, 0, -7, 0, -53, 0, 4, 0, 0, 0, -4, 0, 0, 0, 58, 12, 19, 13, 26, -1, 17, 16, 4, -2, 21, 10]
sns_3_Indiv: []
---
sns_1_Indiv: [80, 3, 2, 9, 14, 2, 10, 4, 30, 0, 2, 18, 10, 6, 14, 7, 24, 9, 21, -4, 11, 13, 19, 3, 9, 19, 14, 19, 21, 25, 5, 5, 14, 8, 7, 0]
sns_2_Indiv: [-90, 0, 0, 0, -233, -28, 0, 0, 84, 0, 0, 0, 58, 2, -52, 0, -3, 0, 0, 0, 4, 0, 0, 0, 18, 16, 23, 9, 9, -1, 21, 10, 53, 4, 8, 7]
sns_3_Indiv: []
---
sns_1_Indiv: [-43, -3, 7, 3, 28, 42, 35, 5, 1, 12, 11, 10, 15, 8, 36, 5, 6, 15, 28, 12, 21, 11, 2, 0, 19, 23, 18, 15, -26, 22, 4, 6, 3, 15, 13, 17]
sns_2_Indiv: [165, 0, 0, 0, -101, -28, 0, 0, 224, 0, 0, 0, 69, 7, 55, 0, -3, 0, 0, 0, -3, 0, 0, 0, 4, 19, 18, 6, 19, -1, 6, 0, 16, 6, 8, 9]
sns_3_Indiv: []
---
sns_1_Indiv: [36, 2, 2, -9, -42, -13, 10, 3, 24, 12, -4, 11, 16, 1, 13, -9, -23, 1, 21, 2, -29, 8, 20, -7, -39, -2, 0, 7, -26, 9, 10, 15, 8, -5, 2, -7]
sns_2_Indiv: [166, 0, 0, 0, 491, 289, 0, 0, 212, 0, 0, 0, 42, 16, 102, 0, -3, 0, 0, 0, 3, 0, 0, 0, -7, 30, 64, 9, 9, -1, 20, 21, 28, 9, 12, 11]
sns_3_Indiv: []
---
sns_1_Indiv: [44, 7, 7, 11, -25, -5, 0, 10, -4, -11, 6, 8, 3, 1, 20, -2, 10, 10, 18, 5, 11, 17, -9, 8, 12, 11, 10, 7, 26, 16, -6, 14, -15, 2, 12, 9]
sns_2_Indiv: [419, 0, 0, 0, 408, -28, 0, 0, -52, 0, 0, 0, 18, 10, -23, 0, -3, 0, 0, 0, -4, 0, 0, 0, 11, 6, 7, 6, 8, -1, 33, 3, 38, 6, 23, 8]
sns_3_Indiv: []
---
sns_1_Indiv: [25, 1, -9, -5, 41, 27, 27, 9, 19, -4, -1, 6, -12, 6, 19, 11, 24, 15, 15, 4, -37, 5, 5, 25, 18, 8, 4, 11, 20, 23, 18, -4, 7, 8, 7, -7]
sns_2_Indiv: [-90, 0, 0, 0, 492, 280, 0, 0, -53, 0, 0, 0, 43, 10, -36, 0, 4, 0, 0, 0, 5, 0, 0, 0, 17, 13, 20, 11, 14, -1, 31, 31, -14, 22, 9, 14]
sns_3_Indiv: []
---
sns_1_Indiv: [-74, 2, -17, -1, -43, 8, -9, -10, -44, -9, 12, 1, -33, 9, -5, 3, 26, -4, 16, 10, -41, -4, 9, 11, -6, 13, 12, 14, 28, 23, 11, 10, 9, -2, 15, 3]
sns_2_Indiv: [418, 0, 0, 0, 492, 289, 0, 0, 69, 0, 0, 0, 7, 9, -4, 0, -3, 0, 0, 0, -3, 0, 0, 0, 52, 15, 38, 9, 3, -1, 14, 14, 10, 8, 15, 12]
sns_3_Indiv: []
---
sns_1_Indiv: [35, 21, 3, 7, 57, 21, 25, 3, 17, 6, 23, -2, -23, 10, 32, 33, 12, -3, 21, 18, -41, -2, 6, 10, 15, 23, 12, 13, -11, 17, 23, 4, -34, 2, -3, 12]
sns_2_Indiv: [-90, 0, 0, 0, 492, 280, 0, 0, -52, 0, 0, 0, -10, 3, -61, 0, 19, 0, 0, 0, 5, 0, 0, 0, 15, -4, 3, 1, 12, -1, 33, 8, 26, 7, -10, 6]
sns_3_Indiv: []
---
sns_1_Indiv: [-11, 1, 18, 4, 17, -3, 25, 14, 5, 5, -2, 6, -29, -1, -11, 14, 0, -5, 14, 17, 13, 4, 16, -3, 5, 5, 14, 11, 28, 14, 4, 17, 9, 3, 21, -3]
sns_2_Indiv: [427, 0, 0, 0, 492, 281, 0, 0, -52, 0, 0, 0, 18, 16, 14, 0, 4, 0, 0, 0, 5, 0, 0, 0, 19, 48, 8, 4, -2, -1, 15, 62, 31, 0, 11, 5]
sns_3_Indiv: []
---
sns_1_Indiv: [52, -3, 0, 7, 44, 6, 29, 10, 11, 23, 11, 5, 13, 24, 19, 13, 17, 7, 23, 3, 13, 10, 14, -4, 3, 5, 3, 16, 34, 9, 1, 14, 4, 12, 10, 7]
sns_2_Indiv: [-90, 0, 0, 0, 287, -28, 0, 0, -52, 0, 0, 0, 69, 13, 35, 0, -3, 0, 0, 0, -3, 0, 0, 0, 7, 25, 7, 8, 0, -1, 34, 6, 31, 10, 13, 10]
sns_3_Indiv: []
---
sns_1_Indiv: [3, 7, 11, 9, 21, 2, -8, 2, 23, 9, -4, 15, 12, 8, 15, -2, 19, 8, 5, -5, 16, 5, 11, -1, 11, 5, 4, 16, -27, 14, 8, 12, -8, 6, 13, 3]
sns_2_Indiv: [542, 0, 0, 0, 308, -28, 0, 0, -53, 0, 0, 0, 67, 5, 77, 0, -3, 0, 0, 0, -4, 0, 0, 0, 57, -4, 51, 9, 33, -1, 0, 8, -9, 7, 22, 5]
sns_3_Indiv: []
---
sns_1_Indiv: [6, 1, 10, 3, 11, -11, 8, 0, 31, 25, 6, 10, 11, 3, 24, -6, -14, 1, 17, 9, 11, 11, -7, 3, 20, 3, 24, 3, -18, 12, 8, 18, -22, 7, 1, 13]
sns_2_Indiv: [696, 0, 0, 0, 25, -28, 0, 0, 197, 0, 0, 0, 79, 9, -26, 0, 124, 0, 0, 0, 2, 0, 0, 0, 10, 10, 46, 6, 8, -1, 9, 11, 10, 3, 8, 0]
sns_3_Indiv: []
---
sns_1_Indiv: [16, 13, 7, 1, -39, 20, 28, -3, 11, -1, 3, 12, 15, 2, 10, 19, 10, 4, 21, 4, -21, 8, 16, 6, 9, 15, 15, 12, 17, 13, 19, 13, 20, 2, 3, 12]
sns_2_Indiv: [242, 0, 0, 0, 39, -28, 0, 0, -11, 0, 0, 0, -2, 14, -62, 0, 4, 0, 0, 0, 2, 0, 0, 0, 12, 9, 74, 15, 3, -1, 11, 1, -40, -4, 18, -1]
sns_3_Indiv: []
---
sns_1_Indiv: [-10, 3, 13, 7, 68, -11, 1, -7, 14, 5, 13, 4, -22, 9, 55, 1, -3, 17, 13, 3, 15, 33, 15, 8, -5, 6, 5, 18, 28, 17, 13, 13, -4, -4, -3, 3]
sns_2_Indiv: [-90, 0, 0, 0, -101, -28, 0, 0, -53, 0, 0, 0, 2, 1, 11, 0, -3, 0, 0, 0, 5, 0, 0, 0, 2, 10, 13, -1, -12, -1, 29, -2, 17, 7, 13, -1]
sns_3_Indiv: []
---
sns_1_Indiv: [27, 12, 6, 11, 14, 26, 7, -4, -43, 3, 4, 6, 14, 3, 16, 4, -2, 11, 3, 16, -16, 16, 12, 2, 8, 16, 16, 15, 9, 7, 4, 10, 37, 7, 7, 33]
sns_2_Indiv: [291, 0, 0, 0, -113, -28, 0, 0, -52, 0, 0, 0, 39, 9, -29, 0, 3, 0, 0, 0, -4, 0, 0, 0, 21, 21, 72, 13, 8, -1, 12, 20, -11, 8, 18, 17]
sns_3_Indiv: []
---
sns_1_Indiv: [-44, 4, -4, 8, 28, 23, 32, 10, 10, 7, 17, 19, -23, 0, 41, -9, 23, 2, -9, 21, 21, 28, 3, 13, -25, 17, 26, 7, -5, 22, 9, 15, 28, 3, 12, 2]
sns_2_Indiv: [418, 0, 0, 0, 492, 280, 0, 0, -52, 0, 0, 0, 7, 7, -30, 0, 3, 0, 0, 0, 3, 0, 0, 0, -7, 22, 75, 3, -19, -1, 30, 6, 20, 11, 12, 17]
sns_3_Indiv: []
---
sns_1_Indiv: [-25, 3, 6, 15, 6, -1, 11, 0, 22, 11, 0, 13, -32, 6, 48, 11, -5, 13, 25, 6, -22, 22, 4, 21, -28, 2, 17, 10, 14, 13, 4, 7, 22, -8, 10, 15]
sns_2_Indiv: [-90, 0, 0, 0, -102, -28, 0, 0, 207, 0, 0, 0, 31, -6, 66, 0, 3, 0, 0, 0, -4, 0, 0, 0, 27, 18, 68, 11, -1, -1, 35, 14, 14, 11, 21, 8]
sns_3_Indiv: []
---
sns_1_Indiv: [-30, -1, 1, 0, 39, 54, 11, 5, 2, 16, 18, 11, -24, 4, 20, 6, -7, 16, 17, 26, -29, 11, 4, -3, 1, 16, -4, 9, -14, 11, 6, 7, 17, 11, 9, -5]
sns_2_Indiv: [-90, 0, 0, 0, 139, -28, 0, 0, 84, 0, 0, 0, -4, 4, -51, 0, 4, 0, 0, 0, -3, 0, 0, 0, 12, 13, -3, 6, 1, -1, 27, 16, 9, 6, 14, 11]
sns_3_Indiv: []
---
sns_1_Indiv: [47, -12, 1, 9, 21, 7, 10, 2, -30, -12, 7, -1, -23, 0, -19, 0, 15, 8, -4, 14, 19, 10, 12, 18, -40, 10, 19, 4, 32, 10, -9, 6, 4, -9, 11, -2]
sns_2_Indiv: [292, 0, 0, 0, -86, -28, 0, 0, 58, 0, 0, 0, -9, -4, -3, 0, 22, 0, 0, 0, -4, 0, 0, 0, 11, 23, 53, 7, 8, -1, 26, 25, -15, 14, 17, 7]
sns_3_Indiv: []
---
sns_1_Indiv: [-18, 9, -4, 15, 16, 21, -8, 3, 9, 5, -2, 7, 27, 8, 6, 11, 9, 20, 9, 5, -31, 13, -14, 19, -49, 9, 6, -4, -25, 22, 17, -17, -15, 8, 5, 8]
sns_2_Indiv: [556, 0, 0, 0, -485, -28, 0, 0, -53, 0, 0, 0, 37, 13, -5, 0, -3, 0, 0, 0, 5, 0, 0, 0, 22, 24, 49, 13, 21, -1, 21, 15, 25, 3, 7, 4]
sns_3_Indiv: []
---
sns_1_Indiv: [35, 10, 9, -10, 26, 28, 0, -2, 5, 20, 14, 7, 10, 6, 13, 15, -11, 2, 14, -1, 16, 9, -9, 4, -16, 11, 14, 4, 21, 17, 18, 6, 22, -2, 6, 7]
sns_2_Indiv: [419, 0, 0, 0, 408, -28, 0, 0, -52, 0, 0, 0, 48, 22, -15, 0, -3, 0, 0, 0, -4, 0, 0, 0, 6, 24, 12, 14, 44, -1, 6, 11, 18, 5, 7, 9]
sns_3_Indiv: []
---
sns_1_Indiv: [18, 4, -19, -2, 77, 2, 24, 5, 31, 15, 13, 5, 27, 8, 6, 11, 26, 1, 18, -1, 15, 13, 18, -8, 20, 4, 7, -1, 19, 6, 17, -7, -2, -3, -3, 13]
sns_2_Indiv: [362, 0, 0, 0, 511, 291, 0, 0, -51, 0, 0, 0, 69, 7, 225, 0, 3, 0, 0, 0, 3, 0, 0, 0, 3, 19, 102, 5, 18, -1, 32, 0, 22, 11, 17, 18]
sns_3_Indiv: []
---
sns_1_Indiv: [2, 17, -5, 12, 65, 34, -4, -5, -7, 6, 12, -2, 11, 3, -10, 1, 24, 7, 4, 7, 25, 8, -1, 9, 6, 6, 15, 18, 27, -2, -5, 20, -2, 1, 7, 14]
sns_2_Indiv: [-89, 0, 0, 0, 159, -28, 0, 0, 58, 0, 0, 0, 5, -9, -23, 0, 4, 0, 0, 0, 5, 0, 0, 0, -3, 22, 39, 7, -23, -1, 18, 13, 5, 3, 27, 9]
sns_3_Indiv: []
---
sns_1_Indiv: [14, 9, -7, 14, 25, 21, 38, -3, 4, 0, 12, 5, 20, 16, 18, -6, -33, -6, -8, 9, 16, 1, 14, 9, 3, 1, 3, -5, 24, 13, 14, -1, -8, 5, -3, 3]
sns_2_Indiv: [480, 0, 0, 0, -357, -28, 0, 0, -52, 0, 0, 0, 0, -3, -52, 0, 4, 0, 0, 0, -4, 0, 0, 0, 21, 21, -3, 8, 15, -1, 29, 30, 38, 14, 14, 6]
sns_3_Indiv: []
---
sns_1_Indiv: [-42, 14, 6, -6, 78, -6, 60, -1, -51, -3, 13, 5, 23, 7, 2, 1, -6, 5, 16, -2, -39, 15, -3, 12, 10, 15, 10, 3, -9, -4, 11, 13, 34, 6, 1, 5]
sns_2_Indiv: [-90, 0, 0, 0, -356, -28, 0, 0, -52, 0, 0, 0, 0, 1, 16, 0, 4, 0, 0, 0, 5, 0, 0, 0, -9, 13, 68, 10, 23, -1, 8, 21, 14, -3, 9, 4]
sns_3_Indiv: []
---
sns_1_Indiv: [16, 0, -3, -2, 57, 1, 4, 5, -58, 9, 10, 18, 10, 13, 17, 2, 21, -7, -35, -17, -43, -6, -16, 10, 4, 2, 7, 14, 15, 4, 8, -8, 20, 4, 7, 3]
sns_2_Indiv: [485, 0, 0, 0, 492, 286, 0, 0, 53, 0, 0, 0, 62, -3, -45, 0, 4, 0, 0, 0, -3, 0, 0, 0, 6, 10, 39, 4, 65, -1, 23, 10, 7, 3, 5, 0]
sns_3_Indiv: []
---
sns_1_Indiv: [-6, 18, 16, 6, 33, 5, 16, 3, -25, -1, 17, -7, 16, 9, 56, 8, -6, 21, 10, 5, 5, 6, -17, -4, -40, 10, -3, 20, -14, 8, 8, 22, -10, 4, 7, 2]
sns_2_Indiv: [-90, 0, 0, 0, 489, 273, 0, 0, -53, 0, 0, 0, -4, 10, -51, 0, -3, 0, 0, 0, -3, 0, 0, 0, 7, 6, 68, 2, 15, -1, 22, 4, 16, 11, 7, 14]
sns_3_Indiv: []
---
sns_1_Indiv: [35, -2, 11, 7, 25, 17, 12, -9, -30, 5, 2, -8, 14, 7, -2, 10, 2, 7, -42, 1, -28, 7, 10, -7, 8, 14, 11, -5, 17, -2, 0, 6, -12, 4, 15, 5]
sns_2_Indiv: [411, 0, 0, 0, 499, 279, 0, 0, -34, 0, 0, 0, 63, 12, -31, 0, -3, 0, 0, 0, 6, 0, 0, 0, 15, -1, 30, -3, 7, -1, 19, 11, -4, 1, 8, 13]
sns_3_Indiv: []
---
sns_1_Indiv: [-25, -4, -19, -1, 43, 3, -11, 1, -45, -2, 13, -1, 19, -8, 6, 11, 12, 12, 33, 6, 4, 16, 10, 14, 13, 12, 4, 16, -18, 7, 4, -7, -18, -4, 5, -4]
sns_2_Indiv: [288, 0, 0, 0, 492, 287, 0, 0, 198, 0, 0, 0, 1, -3, -24, 0, 3, 0, 0, 0, 5, 0, 0, 0, 50, 3, 2, 3, -1, -1, 13, 4, 22, 0, 11, 4]
sns_3_Indiv: []
---
sns_1_Indiv: [22, 2, 8, -4, 23, 31, 8, -1, 11, -14, 2, 2, -18, 9, -13, -7, 4, -4, 19, 6, 6, 13, -6, 18, 18, 4, 14, 9, 14, -12, 18, -3, -17, 1, -1, 7]
sns_2_Indiv: [290, 0, 0, 0, 492, 278, 0, 0, -53, 0, 0, 0, -3, 5, -24, 0, 4, 0, 0, 0, 5, 0, 0, 0, 18, 15, 8, -4, 11, -1, 0, -5, 27, 2, -7, 6]
sns_3_Indiv: []
---
sns_1_Indiv: [-95, -1, 5, 4, 24, 13, 6, 1, -65, -9, 0, 4, 9, 7, 7, 6, -8, 4, 14, 4, 4, 0, 9, 18, -2, 11, 5, 13, 6, 16, 7, 8, 0, -3, 8, 4]
sns_2_Indiv: [425, 0, 0, 0, -233, -28, 0, 0, -8, 0, 0, 0, 68, 11, -64, 0, -3, 0, 0, 0, 3, 0, 0, 0, 57, 25, 43, 12, 22, -1, 7, 17, 26, 9, 16, 9]
sns_3_Indiv: []
---
sns_1_Indiv: [45, -4, -5, 5, 13, 11, 4, -4, -12, 2, 16, -6, 12, 6, 12, 12, -3, -8, 20, -3, -1, -6, 0, 4, -41, 8, 4, -3, 21, 10, 3, -5, -24, 3, 13, -7]
sns_2_Indiv: [-90, 0, 0, 0, -485, -28, 0, 0, -53, 0, 0, 0, 3, 14, -34, 0, 4, 0, 0, 0, 3, 0, 0, 0, 58, 8, 30, 5, 9, -1, 11, 4, 18, 6, 7, 11]
sns_3_Indiv: []
---
sns_1_Indiv: [-61, 13, -19, -11, -35, -15, 12, 0, 23, 4, -18, -7, 19, 12, 21, 4, 8, -5, 4, -4, 2, 0, 4, 15, 19, 14, 10, 8, -28, 9, 10, 7, -16, -5, 9, -14]
sns_2_Indiv: [-90, 0, 0, 0, -102, -28, 0, 0, -53, 0, 0, 0, 31, 6, -18, 0, -3, 0, 0, 0, -3, 0, 0, 0, 55, 12, 50, 6, 1, -1, -10, 14, -3, 5, 19, 3]
sns_3_Indiv: []
---
sns_1_Indiv: [-2, 0, 7, 13, -48, -14, 3, 4, -2, 10, 2, -3, 10, -10, 5, -1, -11, 6, -12, 1, 21, 14, 9, -1, -39, 7, 1, 1, -35, 16, 20, 9, -2, 3, 6, 3]
sns_2_Indiv: [-90, 0, 0, 0, -101, -28, 0, 0, -53, 0, 0, 0, 11, 24, -34, 0, 4, 0, 0, 0, -4, 0, 0, 0, 14, 23, 14, 8, 9, -1, 33, 25, 20, 12, 21, 11]
sns_3_Indiv: []
---
sns_1_Indiv: [27, 9, 7, -9, -59, 15, 2, 6, 2, 10, 6, 2, 11, -2, -1, 8, 1, -8, 12, 5, 8, -4, 8, 17, 18, 9, 9, 18, 25, 1, 5, 3, 16, -1, 3, -2]
sns_2_Indiv: [-90, 0, 0, 0, -102, -28, 0, 0, -37, 0, 0, 0, 62, 12, -27, 0, 4, 0, 0, 0, 3, 0, 0, 0, 53, 20, 79, 6, 52, -1, 4, 3, 12, 4, 6, 19]
sns_3_Indiv: []
---
sns_1_Indiv: [31, 4, 6, 7, 44, 30, 17, 5, -24, 5, 3, 3, 18, 2, -16, 8, -8, 4, -24, -9, -2, 16, 8, 3, -32, 9, 3, 6, 22, 5, 16, 12, -7, 4, 9, -6]
sns_2_Indiv: [296, 0, 0, 0, -231, -28, 0, 0, 84, 0, 0, 0, -9, 5, -25, 0, -3, 0, 0, 0, -4, 0, 0, 0, 0, 27, 29, -1, 14, -1, 16, 9, 17, -2, 12, 7]
sns_3_Indiv: []
---
sns_1_Indiv: [39, 12, -8, 17, -10, 12, -18, 5, -19, -1, -1, -3, 10, -9, 18, 6, -3, 3, 29, 4, 3, 6, 2, 8, 0, 1, 3, 1, 19, 0, 1, -2, 6, -9, 6, 2]
sns_2_Indiv: [-90, 0, 0, 0, 146, -28, 0, 0, -39, 0, 0, 0, 33, -4, 65, 0, 21, 0, 0, 0, 5, 0, 0, 0, 27, 16, 107, 13, 48, -1, 21, 28, 28, -3, 13, 4]
sns_3_Indiv: []
---
sns_1_Indiv: [25, -6, -8, -12, 29, -12, 13, 3, 3, -13, -1, 7, -30, 8, 32, -16, 5, 6, 20, -4, 5, 1, -12, 3, -12, 0, 4, 9, -28, 4, 0, -13, 9, -1, 1, -4]
sns_2_Indiv: [-90, 0, 0, 0, 410, -28, 0, 0, 221, 0, 0, 0, 41, 0, -25, 0, -4, 0, 0, 0, 5, 0, 0, 0, 6, 12, 92, 6, -2, -1, 24, 9, 16, 9, 6, 7]
sns_3_Indiv: []
---
sns_1_Indiv: [-17, -13, 16, 4, 36, 11, 2, -11, -7, 14, -13, 0, 17, -7, 11, 4, -10, 9, 0, 5, 0, 0, -5, 12, 12, -5, 16, 12, 11, -10, 8, -3, 15, -8, 8, -8]
sns_2_Indiv: [-90, 0, 0, 0, -104, -28, 0, 0, 76, 0, 0, 0, -14, 1, -12, 0, -3, 0, 0, 0, 5, 0, 0, 0, 10, 2, 46, 16, 15, -1, 23, -2, -17, 2, 36, -3]
sns_3_Indiv: []
---
sns_1_Indiv: [-46, 4, -5, 2, -54, 7, 8, 2, -2, -1, -4, 0, 14, 2, 14, -1, 7, 7, -12, -9, 13, 21, 17, 6, 11, 2, -1, -6, 24, 9, 4, 11, -8, -3, 7, 4]
sns_2_Indiv: [565, 0, 0, 0, -101, -28, 0, 0, -53, 0, 0, 0, -3, 5, -47, 0, -3, 0, 0, 0, 3, 0, 0, 0, 4, 17, 57, 4, -1, -1, 10, 1, 36, 17, 7, 8]
sns_3_Indiv: []
---
sns_1_Indiv: [15, 6, 7, 1, -54, -14, -2, -2, 13, 1, 6, 7, -16, -6, 10, 0, 20, -1, -17, 14, 7, 2, 3, 5, -47, 11, 20, 8, -36, 22, 1, 12, -13, -5, 16, 9]
sns_2_Indiv: [-90, 0, 0, 0, 153, -28, 0, 0, -11, 0, 0, 0, 2, 10, 66, 0, 119, 0, 0, 0, -4, 0, 0, 0, 6, 6, 34, 6, 0, -1, 24, 16, -7, 2, 11, 10]
sns_3_Indiv: []
---
sns_1_Indiv: [0, 0, -1, 14, -41, -24, 10, 5, -14, -3, 1, -2, 17, 10, 24, 4, 3, 2, -5, -2, 19, -6, -8, -6, -3, 1, 4, -5, -28, 12, 1, 5, -11, -1, 6, 2]
sns_2_Indiv: [-90, 0, 0, 0, 281, -28, 0, 0, -52, 0, 0, 0, 36, 7, -51, 0, -3, 0, 0, 0, -4, 0, 0, 0, 11, 12, 18, 17, 7, -1, 24, 19, 21, 0, 14, 1]
sns_3_Indiv: []
---
sns_1_Indiv: [3, -6, 15, 4, 5, -6, 12, -7, -5, -2, 7, -1, 8, 1, -2, -7, 6, 2, 7, -7, 22, 20, 23, -2, 0, 12, 12, 17, -21, 1, 3, 8, -3, -5, 11, -10]
sns_2_Indiv: [166, 0, 0, 0, 27, -28, 0, 0, 64, 0, 0, 0, 55, 4, -61, 0, -2, 0, 0, 0, -4, 0, 0, 0, 52, 10, 75, 9, 14, -1, 2, 2, 19, 4, 24, 4]
sns_3_Indiv: []
---
sns_1_Indiv: [22, 11, -5, 9, -3, 34, 3, 13, 0, 3, -1, 4, -17, 17, 11, -11, 12, 11, -4, 7, 11, 6, 8, 13, 18, 9, 12, 5, 21, 9, 13, 0, -10, 0, 10, -1]
sns_2_Indiv: [-90, 0, 0, 0, 492, 291, 0, 0, -52, 0, 0, 0, 32, 9, -3, 0, -3, 0, 0, 0, -3, 0, 0, 0, 46, 6, 8, 4, 18, -1, 12, 8, 16, 11, -7, 8]
sns_3_Indiv: []
---
sns_1_Indiv: [-42, -13, 0, 4, 34, 3, 22, 4, 24, 13, 5, 15, -39, -1, 3, 5, 4, 6, 15, 14, 3, 1, 0, 8, 13, 15, 20, 8, 9, 18, -4, 6, 28, 8, 8, 21]
sns_2_Indiv: [-90, 0, 0, 0, 492, 291, 0, 0, -52, 0, 0, 0, -11, 16, -25, 0, -3, 0, 0, 0, 3, 0, 0, 0, 58, -4, 66, 5, 12, -1, 17, 0, -34, 4, 12, 1]
sns_3_Indiv: []
---
sns_1_Indiv: [38, 15, 18, 15, 5, -7, -9, -7, -4, 19, 10, 4, 11, 4, 36, 5, 27, 6, 2, 5, 1, 13, 15, 8, -38, 13, 3, 2, -22, 3, 5, 18, -6, -10, 7, 5]
sns_2_Indiv: [-90, 0, 0, 0, 156, -28, 0, 0, -25, 0, 0, 0, 2, 23, 35, 0, 3, 0, 0, 0, 4, 0, 0, 0, 9, 33, 23, 12, 4, -1, 41, 5, -7, 8, 7, 9]
sns_3_Indiv: []
---
sns_1_Indiv: [11, 1, 6, 5, 69, -4, 27, 2, 9, 10, -1, -4, 11, -4, 30, 11, -7, 11, 10, 7, 10, 12, 10, 19, 4, 22, 12, 14, 19, 9, 5, 2, -22, 1, 5, 16]
sns_2_Indiv: [-90, 0, 0, 0, 411, -28, 0, 0, -38, 0, 0, 0, 46, -5, 94, 0, 3, 0, 0, 0, 18, 0, 0, 0, 1, 20, 26, 10, 4, -1, 22, 23, 11, 5, 13, 8]
sns_3_Indiv: []
---
sns_1_Indiv: [51, 12, -13, 1, 30, 1, 12, 12, 3, 16, 7, -2, 15, 2, -7, 0, -9, 10, 3, 17, 13, 3, 6, 11, 10, 16, 8, -1, -23, 12, 3, 7, -9, -5, 7, 10]
sns_2_Indiv: [548, 0, 0, 0, 407, -28, 0, 0, 211, 0, 0, 0, 47, 2, -27, 0, 3, 0, 0, 0, -4, 0, 0, 0, 3, 7, 2, 5, 23, -1, 4, 6, 30, 6, 10, 3]
sns_3_Indiv: []
---
sns_1_Indiv: [31, 7, 2, 11, 18, 8, 4, 1, -21, 8, 4, 6, 10, 6, 15, 3, -17, 3, 4, 1, 10, 21, 0, 0, 14, 1, 9, 5, 26, 6, 8, 1, -1, -2, 19, -2]
sns_2_Indiv: [-90, 0, 0, 0, 411, -28, 0, 0, 72, 0, 0, 0, 6, 15, -34, 0, -3, 0, 0, 0, 2, 0, 0, 0, 1, 11, 79, 15, -8, -1, 7, 8, 9, 1, 0, -1]
sns_3_Indiv: []
---
sns_1_Indiv: [16, 19, -2, 24, 26, 27, -1, 2, 0, 5, 16, 9, 14, 8, -11, -10, 9, 7, 13, 3, 6, 6, -1, -5, 0, -4, -4, 0, 28, 6, 8, 0, 25, 1, 1, 6]
sns_2_Indiv: [384, 0, 0, 0, 284, -28, 0, 0, 58, 0, 0, 0, -2, 4, -2, 0, 3, 0, 0, 0, 2, 0, 0, 0, 53, 9, 47, 8, -23, -1, 23, 12, 18, 4, 9, 3]
sns_3_Indiv: []
---
sns_1_Indiv: [-9, 3, 4, 9, 35, 3, 9, -7, 18, -14, 3, 5, 16, -5, 1, -5, -11, 4, 17, 7, 16, -6, 21, 1, -20, 2, 19, 8, 26, 14, 0, 3, 24, 0, 1, 11]
sns_2_Indiv: [-90, 0, 0, 0, 492, 287, 0, 0, 70, 0, 0, 0, -10, 12, -39, 0, -2, 0, 0, 0, 5, 0, 0, 0, 26, 21, 45, -2, 27, -1, 5, 17, 13, 3, 14, 3]
sns_3_Indiv: []
---
sns_1_Indiv: [17, -1, 2, 12, 58, -7, 16, 7, -59, -7, 1, 15, 20, -2, -24, 3, -13, 3, -17, -3, 7, 0, -26, 2, 11, 5, 5, 1, 16, 9, -2, 1, 2, -6, 5, 1]
sns_2_Indiv: [-90, 0, 0, 0, 492, 291, 0, 0, -52, 0, 0, 0, 42, 19, 60, 0, 4, 0, 0, 0, -4, 0, 0, 0, 10, 20, 30, 7, 2, -1, 27, 11, 18, 0, 19, 7]
sns_3_Indiv: []
---
sns_1_Indiv: [-40, 9, 13, 7, 47, 6, 9, 2, -36, -6, -3, 6, 15, -2, -10, -8, 6, -5, -14, -2, 5, 23, 14, 11, 17, 5, 5, 9, 24, 13, 9, 16, -2, -2, 8, -1]
sns_2_Indiv: [-90, 0, 0, 0, 492, 297, 0, 0, -55, 0, 0, 0, -7, -4, -54, 0, 4, 0, 0, 0, 3, 0, 0, 0, 6, 94, -1, 11, -5, -1, 12, 15, 15, 7, 9, 4]
sns_3_Indiv: []
---
sns_1_Indiv: [34, 6, -5, 10, 16, 43, 26, 5, -46, 22, 13, 16, 15, 1, -24, 14, -17, -1, 25, 4, -13, -6, 7, 1, 3, 5, 7, 1, 29, 6, 11, 9, 18, -2, -2, -3]
sns_2_Indiv: [-90, 0, 0, 0, 492, 281, 0, 0, -31, 0, 0, 0, -4, 4, 78, 0, 4, 0, 0, 0, 3, 0, 0, 0, 19, 25, 59, 13, 7, -1, 14, 14, 21, 3, -1, 10]
sns_3_Indiv: []
---
sns_1_Indiv: [30, 4, 13, -14, 7, 0, 13, -1, 0, -6, -4, 17, -38, 5, -25, -9, 12, 5, 1, 0, -8, 8, 12, 5, 20, 7, 24, 4, 25, 11, 5, 11, 4, 10, 6, -2]
sns_2_Indiv: [559, 0, 0, 0, -229, -28, 0, 0, -53, 0, 0, 0, 54, -3, -52, 0, 3, 0, 0, 0, -4, 0, 0, 0, 6, 23, 34, 9, 5, -1, 14, 8, 14, 9, 19, 5]
sns_3_Indiv: []
---
sns_1_Indiv: [13, 1, -6, 2, 31, -13, 7, -3, 16, 20, 17, 9, 16, 11, 18, 21, 11, 6, -2, 0, 7, 5, 2, -5, 19, 4, 18, 27, -13, 12, 15, 7, 11, -2, -1, 11]
sns_2_Indiv: [257, 0, 0, 0, -238, -28, 0, 0, 219, 0, 0, 0, -17, 9, -63, 0, -3, 0, 0, 0, 2, 0, 0, 0, -1, 7, 7, 4, 52, -1, 7, 9, 14, 12, 12, 6]
sns_3_Indiv: []
---
sns_1_Indiv: [22, 0, 15, 10, 16, 34, -2, 2, 4, -4, -5, 10, 22, 3, 22, 18, 17, 17, 2, 6, 14, -8, -20, 12, 2, 11, 10, 10, -17, -2, 7, 14, 0, -14, 3, 11]
sns_2_Indiv: [-90, 0, 0, 0, -103, -28, 0, 0, -53, 0, 0, 0, 11, 0, -40, 0, -4, 0, 0, 0, 11, 0, 0, 0, 13, 14, 41, 14, -4, -1, 13, 12, 19, 4, 20, 10]
sns_3_Indiv: []
---
sns_1_Indiv: [-4, 11, -4, -9, 42, 10, 14, 4, 32, 2, 6, 9, 14, 9, 11, 5, -35, 0, -2, -1, 10, 35, -13, 8, 10, 8, 2, -2, 21, 11, 10, -5, 6, 4, 7, 5]
sns_2_Indiv: [-90, 0, 0, 0, -116, -28, 0, 0, 68, 0, 0, 0, 78, 16, 65, 0, -3, 0, 0, 0, -4, 0, 0, 0, 3, 16, 31, 0, -9, -1, 47, 9, -11, 6, 7, 15]
sns_3_Indiv: []
---
sns_1_Indiv: [-36, 3, 8, 2, 28, 42, 13, -12, 15, 11, 2, -1, -44, 4, 12, 2, 16, 10, 3, -1, 6, 17, -11, 12, 7, 7, 16, 16, -26, -2, -2, 6, -24, -6, 5, -10]
sns_2_Indiv: [-90, 0, 0, 0, -357, -28, 0, 0, 198, 0, 0, 0, -2, -1, -24, 0, 3, 0, 0, 0, -3, 0, 0, 0, 22, 7, 97, 9, -1, -1, 16, 11, 13, 5, 17, 19]
sns_3_Indiv: []
---
sns_1_Indiv: [-50, 5, 4, -8, 39, -6, 6, 2, 5, -6, -3, 7, 25, 4, -4, 4, 17, 5, -2, 0, 5, 5, 38, 6, 1, 6, 4, -2, -13, 11, 19, 3, -24, -4, 5, 17]
sns_2_Indiv: [-90, 0, 0, 0, 414, -28, 0, 0, -53, 0, 0, 0, 5, 14, -22, 0, 4, 0, 0, 0, 5, 0, 0, 0, 15, 10, 21, 0, 6, -1, 26, 18, 30, 6, 9, 3]
sns_3_Indiv: []
---
sns_1_Indiv: [-69, -7, -1, -3, -2, -8, 5, -2, 5, 3, -5, 5, 23, 5, -3, 26, -24, 20, 16, -3, -42, 8, 10, -4, 12, 11, 12, 13, -24, -5, 4, 0, 6, 2, 13, 32]
sns_2_Indiv: [166, 0, 0, 0, 155, -28, 0, 0, -53, 0, 0, 0, 7, 22, 93, 0, -3, 0, 0, 0, -4, 0, 0, 0, 63, 4, 59, 14, -24, -1, 12, 5, -16, 7, 6, 2]
sns_3_Indiv: []
---
sns_1_Indiv: [19, -7, -1, 7, 25, 9, 22, 3, -9, -3, 5, 7, 13, 4, 39, 10, 0, -3, 20, -5, -5, 3, -19, 13, 9, 5, 0, -4, 18, 23, 11, -2, -19, 8, 9, 3]
sns_2_Indiv: [-90, 0, 0, 0, 492, 285, 0, 0, 77, 0, 0, 0, 64, 7, -47, 0, 128, 0, 0, 0, -4, 0, 0, 0, 11, 8, 10, 19, 2, -1, 14, 12, 21, 9, 9, 6]
sns_3_Indiv: []
---
sns_1_Indiv: [8, -3, -2, 1, 3, -18, 22, -8, 21, -7, 8, 7, 17, 4, -9, -3, 7, 10, 5, 1, -36, 43, -16, -7, 6, 11, -1, 6, -29, 7, 12, 5, 28, 1, 3, -6]
sns_2_Indiv: [375, 0, 0, 0, -229, -28, 0, 0, 210, 0, 0, 0, -16, 2, -4, 0, -2, 0, 0, 0, 5, 0, 0, 0, 7, 11, 35, 9, 3, -1, 4, 5, 21, 4, 15, 9]
sns_3_Indiv: []
---
sns_1_Indiv: [27, 5, -16, -16, 34, 22, 3, 9, 4, 8, 10, 5, 4, 10, -4, -5, 2, 7, 11, -10, -32, 5, 11, -5, 8, 10, 6, -3, 24, 12, 7, -15, 9, -2, 16, 7]
sns_2_Indiv: [675, 0, 0, 0, 492, 285, 0, 0, -53, 0, 0, 0, 28, -1, -34, 0, 13, 0, 0, 0, -4, 0, 0, 0, 12, 22, 10, 11, -4, -1, 30, 27, -15, 12, 6, -1]
sns_3_Indiv: []
---
sns_1_Indiv: [-41, 5, -5, 4, 17, 0, -6, 7, -56, -9, 6, 5, 7, 6, 28, 5, -15, 17, -7, 10, -38, 9, -12, -2, 4, 13, 8, 12, 25, 7, -2, 2, 40, 3, 15, 8]
sns_2_Indiv: [291, 0, 0, 0, 276, -28, 0, 0, 20, 0, 0, 0, 38, 0, 80, 0, -3, 0, 0, 0, -4, 0, 0, 0, 6, 23, 51, 12, -1, -1, 25, 5, 2, 6, 28, 7]
sns_3_Indiv: []
---
sns_1_Indiv: [19, 4, 13, -8, 24, 5, -2, -5, 16, -21, 11, 2, -28, -5, 9, 0, -32, -3, 12, -13, -1, 6, -3, 25, 9, -3, -4, 13, 14, 12, 14, 1, -4, -2, 1, 5]
sns_2_Indiv: [-90, 0, 0, 0, 412, -28, 0, 0, 70, 0, 0, 0, -1, 16, -61, 0, 2, 0, 0, 0, -4, 0, 0, 0, 0, 22, 19, 14, -8, -1, 14, -6, -23, 4, 27, 13]
sns_3_Indiv: []
---
sns_1_Indiv: [-35, 4, 3, 17, 33, -10, 2, 4, 5, 3, -9, -5, 6, 5, 12, 0, -17, 2, -3, 1, -37, 11, -8, 12, 19, 3, 10, 18, 23, 24, 3, 8, -16, 5, 7, -2]
sns_2_Indiv: [289, 0, 0, 0, -226, -28, 0, 0, 210, 0, 0, 0, 5, 1, -25, 0, 3, 0, 0, 0, 3, 0, 0, 0, -1, 14, 34, 7, 16, -1, 15, 9, -4, 2, 15, 7]
sns_3_Indiv: []
---
sns_1_Indiv: [65, 11, 6, 18, 44, 16, 9, 7, 0, -8, 11, -2, 22, 5, 11, -2, -3, 18, 0, -7, 2, 8, 11, 9, 1, 12, 16, 5, 21, 8, 3, 14, -8, 3, 11, -3]
sns_2_Indiv: [-90, 0, 0, 0, 492, 287, 0, 0, -53, 0, 0, 0, 35, 17, -92, 0, 4, 0, 0, 0, 15, 0, 0, 0, 18, 42, 54, 9, 40, -1, 22, 12, -11, 10, 17, 4]
sns_3_Indiv: []
---
sns_1_Indiv: [39, 1, -17, 9, -54, 24, 22, 0, 17, -3, -1, 6, 23, 3, 20, -5, 1, 9, 15, -3, 12, 8, 3, 20, 11, 8, 20, 10, 31, 9, 3, 5, -2, 4, 17, 11]
sns_2_Indiv: [556, 0, 0, 0, 153, -28, 0, 0, 198, 0, 0, 0, -3, -9, -22, 0, -3, 0, 0, 0, 5, 0, 0, 0, 21, 23, 25, 5, -1, -1, 23, 15, 12, 6, 1, 15]
sns_3_Indiv: []
---
sns_1_Indiv: [15, -3, -6, 6, 27, 15, 10, -19, -4, 7, 5, 2, -27, 7, -21, 10, -4, 16, 9, 1, 3, -4, -4, 5, 10, 8, 8, 0, 21, 1, 2, 7, 17, 8, 13, 4]
sns_2_Indiv: [-90, 0, 0, 0, -101, -28, 0, 0, 68, 0, 0, 0, 3, 8, -100, 0, -3, 0, 0, 0, -4, 0, 0, 0, 26, 19, 14, 7, 59, -1, 25, 6, 19, 4, 20, 7]
sns_3_Indiv: []
---
sns_1_Indiv: [29, 11, -1, 7, 51, 3, 6, 3, -71, -6, 3, -2, 4, 3, 32, 17, -11, 1, 11, 3, -34, 1, -5, 18, 9, 10, 12, 4, 26, 19, 7, 6, -13, 0, 17, 5]
sns_2_Indiv: [-90, 0, 0, 0, 413, -28, 0, 0, -41, 0, 0, 0, -12, 9, -6, 0, 4, 0, 0, 0, 3, 0, 0, 0, 11, 2, 9, 6, 21, -1, 10, 12, 11, 2, 5, 6]
sns_3_Indiv: []
---
sns_1_Indiv: [-5, 11, 11, 11, -22, -6, 12, 1, 25, 2, 3, -5, 33, 7, 30, 8, 0, -1, 5, 11, 14, 10, 3, 3, 10, 8, 22, 9, -13, 7, 11, 17, 24, 7, 12, 10]
sns_2_Indiv: [514, 0, 0, 0, 492, 281, 0, 0, 84, 0, 0, 0, -4, 17, -23, 0, -3, 0, 0, 0, -4, 0, 0, 0, 4, 36, 79, 11, 23, -1, 31, 1, -27, 12, 16, 21]
sns_3_Indiv: []
---
sns_1_Indiv: [15, -14, 4, -1, 31, -9, 5, -2, -48, 11, 10, 5, 14, -5, 10, 12, 1, -1, -3, 6, 3, 12, 6, 2, 9, 13, 23, 6, -23, 17, 3, -5, 11, 1, 0, 16]
sns_2_Indiv: [250, 0, 0, 0, 501, 291, 0, 0, 68, 0, 0, 0, 39, 17, 64, 0, 46, 0, 0, 0, 6, 0, 0, 0, 21, 17, 34, 10, 45, 8, 11, -2, 21, 0, 14, 2]
sns_3_Indiv: []
---
sns_1_Indiv: [-19, 13, 1, 0, 34, 3, 11, -5, 28, 16, 4, 8, 11, -2, 43, 12, 17, -7, -8, -1, -40, 3, 39, 22, 16, 13, 14, 2, 19, 7, 5, 4, -2, 8, 7, 8]
sns_2_Indiv: [668, 0, 0, 0, 283, -28, 0, 0, -52, 0, 0, 0, 13, 15, -26, 0, -3, 0, 0, 0, -4, 0, 0, 0, 20, 26, 61, 9, 5, -1, 20, 13, -7, 5, 10, 4]
sns_3_Indiv: []
---
sns_1_Indiv: [23, 1, 6, -12, 44, 31, 5, -3, -43, 23, 13, 3, -38, -8, 17, 1, 34, -1, 11, 5, 14, 11, -15, 15, 15, 21, 13, 11, 30, 6, -3, 6, 3, 8, 11, 2]
sns_2_Indiv: [164, 0, 0, 0, 152, -28, 0, 0, -53, 0, 0, 0, 3, 19, -7, 0, -3, 0, 0, 0, -3, 0, 0, 0, 72, 18, 84, -1, 19, -1, 24, 8, 6, 15, 1, 10]
sns_3_Indiv: []
---
sns_1_Indiv: [33, 3, -10, 5, -22, 5, 9, 3, -51, 13, 11, 24, 16, 2, 64, 0, -5, 19, 22, 3, -29, -1, 4, -3, -41, 11, -2, -1, -38, 21, 10, 15, 1, 13, 7, -9]
sns_2_Indiv: [418, 0, 0, 0, 11, -28, 0, 0, 82, 0, 0, 0, 1, 4, -26, 0, 3, 0, 0, 0, 5, 0, 0, 0, 18, 9, 9, 22, 14, -1, 42, -6, -9, 13, 20, 7]
sns_3_Indiv: []
---
sns_1_Indiv: [74, 9, 17, 6, 18, 0, 14, 4, 37, -6, 0, 15, 13, 3, 39, 14, -4, 16, 5, 0, -29, -1, -1, 15, -24, 9, 9, 17, 16, -2, 10, -3, 40, 3, -6, 10]
sns_2_Indiv: [428, 0, 0, 0, 26, -28, 0, 0, 198, 0, 0, 0, 10, -3, -4, 0, 3, 0, 0, 0, 5, 0, 0, 0, -10, 19, 18, 14, 7, -1, 15, 5, 22, 4, 16, 4]
sns_3_Indiv: []
---
sns_1_Indiv: [30, 6, -8, -1, 31, 3, 54, 5, 25, 1, 18, 8, 16, 1, -3, 11, -11, 9, 16, 9, -27, 6, 4, 16, 16, 13, -3, 9, 31, 16, -5, 8, -14, 3, 13, 6]
sns_2_Indiv: [-90, 0, 0, 0, -227, -28, 0, 0, -55, 0, 0, 0, -2, 11, -69, 0, 4, 0, 0, 0, 5, 0, 0, 0, 12, 24, 83, 6, -4, -1, 17, 10, 24, 0, 0, 5]
sns_3_Indiv: []
---
sns_1_Indiv: [14, -4, -1, 2, 27, 47, 8, -5, -39, 4, 11, 7, 24, 2, -10, 9, 9, 15, 19, 11, 8, 15, -5, 13, -35, 5, 7, 14, -16, 31, 2, 7, 7, 3, 9, 11]
sns_2_Indiv: [557, 0, 0, 0, 151, -28, 0, 0, -53, 0, 0, 0, -13, 0, 58, 0, -3, 0, 0, 0, -3, 0, 0, 0, 11, 29, 46, 5, 6, -1, 2, 10, -8, -3, -2, 4]
sns_3_Indiv: []
---
sns_1_Indiv: [33, 4, 10, -1, -54, 30, -3, -7, 16, 8, 14, 1, -23, 40, 22, 4, -1, 17, 33, -4, 11, 10, -19, 18, 9, 13, 18, 9, 26, 10, 10, 16, 31, 8, 15, 19]
sns_2_Indiv: [-90, 0, 0, 0, 409, -28, 0, 0, -52, 0, 0, 0, 34, -5, -62, 0, -3, 0, 0, 0, 5, 0, 0, 0, 2, 18, 23, 6, 23, -1, 26, 2, 15, 6, 3, 0]
sns_3_Indiv: []
---
sns_1_Indiv: [-20, 14, 5, 8, 45, 30, 8, 7, 31, 16, 11, 17, 11, 3, 14, -1, -2, 4, 19, 7, 30, 16, 11, 9, 21, 13, 20, 14, 26, 21, 9, 18, 11, 16, 17, 13]
sns_2_Indiv: [567, 0, 0, 0, 492, 290, 0, 0, -53, 0, 0, 0, 43, 1, -27, 0, -3, 0, 0, 0, 3, 0, 0, 0, 21, 17, 63, 12, -2, -1, 26, 4, 22, 1, 14, 2]
sns_3_Indiv: []
---
sns_1_Indiv: [75, -1, -1, -2, 29, 24, 13, 0, 26, 20, 10, 6, 27, 7, 49, 6, -4, 11, -12, 9, -32, 9, 8, 26, 7, 4, -3, 3, -33, 17, 6, 12, 30, 14, 12, -4]
sns_2_Indiv: [291, 0, 0, 0, 492, 284, 0, 0, -53, 0, 0, 0, 56, 1, 65, 0, 3, 0, 0, 0, 6, 0, 0, 0, 12, 14, 96, 12, -4, -1, 16, 5, 25, 6, 11, 8]
sns_3_Indiv: []
---
sns_1_Indiv: [4, 4, 5, 21, 16, 11, -1, -5, 10, 4, 23, 11, -43, 8, -5, 10, -2, 13, -3, 14, 12, 5, 4, 12, -6, 17, 15, 15, -21, 13, 4, 3, 40, 8, 8, 19]
sns_2_Indiv: [-90, 0, 0, 0, 501, 291, 0, 0, -52, 0, 0, 0, 38, 2, -25, 0, -3, 0, 0, 0, -4, 0, 0, 0, 20, 25, 113, 11, -2, -1, 18, 15, 20, 10, 29, 9]
sns_3_Indiv: []
---
sns_1_Indiv: [16, 9, 8, 14, 20, 9, -1, 1, 15, 0, 1, 8, -35, 21, 21, 19, -16, 8, 2, 7, 9, 14, -7, 7, -14, 5, 9, 2, 32, 20, 2, 9, -6, 2, 2, 0]
sns_2_Indiv: [419, 0, 0, 0, -101, -28, 0, 0, 74, 0, 0, 0, -12, 14, 54, 0, -2, 0, 0, 0, 5, 0, 0, 0, 12, 9, 90, 12, 12, -1, 29, 10, -12, 8, 20, 2]
sns_3_Indiv: []
---
sns_1_Indiv: [-37, 8, 7, 19, 37, 6, 16, -1, 12, 9, 10, 10, 14, 11, 23, 1, 3, 6, 2, 8, 5, 10, 8, 12, 13, 14, 14, 13, -20, 21, 14, 13, -3, 3, 20, 8]
sns_2_Indiv: [419, 0, 0, 0, -232, -28, 0, 0, 64, 0, 0, 0, 28, 0, -9, 0, -3, 0, 0, 0, -4, 0, 0, 0, 56, 6, 36, 7, 24, -1, 26, 15, 23, 8, 19, 19]
sns_3_Indiv: []
---
sns_1_Indiv: [-13, -3, 3, -1, 30, 4, 5, 8, 18, 15, 9, 1, 13, -2, 19, 9, 5, 20, -6, 11, 10, 13, 20, 24, 20, 2, 12, 12, 25, 3, 0, -2, -3, 1, 8, -3]
sns_2_Indiv: [-90, 0, 0, 0, 492, 281, 0, 0, 202, 0, 0, 0, 0, 4, -2, 0, 15, 0, 0, 0, 4, 0, 0, 0, 5, 22, 61, 9, 21, -1, 31, 14, -24, 5, 17, 6]
sns_3_Indiv: []
---
sns_1_Indiv: [20, -2, 15, -3, 24, 1, 14, 4, 6, 13, 4, 12, 16, 1, -7, 5, -9, 22, 17, -1, 15, 7, 14, 6, 26, 16, 21, 18, 11, 4, 5, 0, 30, 7, 20, 8]
sns_2_Indiv: [248, 0, 0, 0, 492, 293, 0, 0, 71, 0, 0, 0, 42, 6, -28, 0, -3, 0, 0, 0, -4, 0, 0, 0, -4, 23, 44, 13, 16, -1, 9, 22, -4, 13, 19, 12]
sns_3_Indiv: []
---
sns_1_Indiv: [26, 6, 10, 0, 47, -5, 1, -6, -11, 13, 16, 16, -27, 12, -28, -3, 4, 10, 3, 0, 18, 20, 5, 9, -4, 14, 1, 13, -1, 31, 13, 10, 26, 15, 6, -3]
sns_2_Indiv: [427, 0, 0, 0, 492, 281, 0, 0, -38, 0, 0, 0, 66, 12, -27, 0, -3, 0, 0, 0, 5, 0, 0, 0, 59, 35, 70, 15, 9, -1, 25, 0, 25, 19, 5, 9]
sns_3_Indiv: []
---
sns_1_Indiv: [28, 11, 3, -4, 32, 30, 23, 4, -44, 13, 2, 6, 7, 5, 32, 8, 17, 20, 14, 11, -7, 4, 5, 17, 18, 11, 11, 8, 25, 10, 16, 9, 14, 19, 8, 18]
sns_2_Indiv: [-93, 0, 0, 0, 404, -28, 0, 0, -53, 0, 0, 0, 4, 12, -33, 0, -3, 0, 0, 0, 3, 0, 0, 0, 59, 4, 34, 12, 25, -1, 33, 21, -2, 8, 29, 2]
sns_3_Indiv: []
---
sns_1_Indiv: [66, 8, 1, -13, -23, 8, 0, 8, 5, 1, 6, 9, 12, 11, 32, 9, 1, -5, -1, -5, 17, 23, 13, 9, -31, 20, 6, 3, 37, 3, 16, 6, -20, 7, 15, 4]
sns_2_Indiv: [685, 0, 0, 0, 286, -28, 0, 0, -53, 0, 0, 0, 47, 16, 65, 0, 31, 0, 0, 0, -4, 0, 0, 0, 51, 8, 58, 7, 18, -1, 38, 12, 10, 12, 20, 2]
sns_3_Indiv: []
---
sns_1_Indiv: [1, 6, 12, 23, 29, -2, 15, 8, 23, 1, 10, 13, -27, -6, 16, 30, 2, 17, 7, 8, 2, 13, 1, 16, -13, 13, 21, 6, 30, 18, -4, 7, -8, 6, 8, 9]
sns_2_Indiv: [-90, 0, 0, 0, 407, -28, 0, 0, 72, 0, 0, 0, -12, -2, -25, 0, -3, 0, 0, 0, -4, 0, 0, 0, 49, 2, 24, 4, 1, -1, 20, 21, -7, 4, 14, 6]
sns_3_Indiv: []
---
sns_1_Indiv: [35, 13, 23, 10, 49, 24, 26, 16, 0, 6, 17, 17, -23, 26, 29, 9, -4, 14, 8, -2, -29, 9, 14, 21, -47, 10, 9, 2, -10, 17, 6, 7, -8, 7, 11, 10]
sns_2_Indiv: [292, 0, 0, 0, 492, 284, 0, 0, 212, 0, 0, 0, -8, 4, 342, 0, -3, 0, 0, 0, -4, 0, 0, 0, 12, 4, 74, 9, 12, -1, 20, 8, 23, 9, 12, 13]
sns_3_Indiv: []
---
sns_1_Indiv: [10, 13, 9, -2, 41, -10, 11, 9, 32, -5, 13, 0, 21, 4, 37, 6, -11, 18, -17, 10, 1, 3, 10, 7, 25, 23, 20, 5, 16, 28, 14, 1, 27, 6, -3, 16]
sns_2_Indiv: [-90, 0, 0, 0, 407, -28, 0, 0, -53, 0, 0, 0, 7, 1, -61, 0, 20, 0, 0, 0, 5, 0, 0, 0, 60, 16, 83, 18, 16, -1, 27, 8, 17, -10, 17, -5]
sns_3_Indiv: []
---
sns_1_Indiv: [28, 14, 19, 10, -10, 21, 26, -2, 11, 15, 25, 9, -19, 4, 34, 4, 9, 2, 3, -2, -21, 13, -6, 5, -1, 6, 2, 3, -17, 13, 2, 10, 12, 4, 18, 10]
sns_2_Indiv: [-90, 0, 0, 0, 27, -28, 0, 0, -41, 0, 0, 0, -2, 7, -62, 0, -3, 0, 0, 0, -4, 0, 0, 0, 13, 12, 36, 6, 14, -1, 24, -3, -15, 4, 3, -2]
sns_3_Indiv: []
---
sns_1_Indiv: [30, -6, 8, -2, 45, 22, 15, -1, 20, 30, 4, 8, 12, 12, -8, -7, 8, 6, 7, 10, -33, 1, -7, 10, -3, 10, 27, 10, -30, 17, 8, 15, -9, 13, 9, 6]
sns_2_Indiv: [548, 0, 0, 0, -358, -28, 0, 0, -53, 0, 0, 0, 1, 4, -24, 0, 3, 0, 0, 0, 3, 0, 0, 0, 23, 27, 12, 9, -6, -1, 9, 19, -1, 3, 8, -2]
sns_3_Indiv: []
---
sns_1_Indiv: [0, 8, 4, 2, 17, 40, 17, -2, 41, -4, 4, 17, 17, 9, 32, 5, 17, -7, 6, 10, 5, 14, 9, 15, -33, 3, 13, 2, -20, 14, 3, 11, 32, 9, 13, 16]
sns_2_Indiv: [560, 0, 0, 0, 492, 281, 0, 0, -54, 0, 0, 0, 68, 9, -19, 0, -3, 0, 0, 0, -4, 0, 0, 0, 12, 8, -6, 0, -9, -1, 4, 4, 19, 10, 9, 15]
sns_3_Indiv: []
---
sns_1_Indiv: [50, 18, 0, -5, 6, 20, -5, -7, 28, 19, 1, 21, 12, 13, 2, 4, -24, -3, 4, 6, -19, 23, -3, 12, 15, -1, 0, 18, -13, 13, 1, 0, -16, 4, 21, 14]
sns_2_Indiv: [372, 0, 0, 0, 409, -28, 0, 0, -14, 0, 0, 0, -8, 11, 65, 0, 4, 0, 0, 0, -4, 0, 0, 0, 58, 7, 41, 3, -1, -1, 16, 9, 13, 0, 5, 1]
sns_3_Indiv: []
---
sns_1_Indiv: [-29, 7, -15, 13, 13, 12, -6, 6, -5, 5, 7, 6, 15, 16, 0, 3, 21, 6, 3, 15, 23, 2, -7, 15, 10, 9, 2, -1, 19, 24, 7, 12, 24, 0, 2, 4]
sns_2_Indiv: [250, 0, 0, 0, 291, -28, 0, 0, -53, 0, 0, 0, 29, 13, 125, 0, -3, 0, 0, 0, -3, 0, 0, 0, 15, 22, 11, -6, 8, -1, 32, 14, 6, 7, 14, 10]
sns_3_Indiv: []
---
sns_1_Indiv: [17, 4, -1, 9, 38, -3, 4, 3, 6, 10, 7, 5, -32, 1, 48, -11, 9, 4, 14, 2, 8, 17, 1, 6, 24, 16, 11, 4, 12, 12, 5, 6, 4, 0, 2, 3]
sns_2_Indiv: [-90, 0, 0, 0, 492, 288, 0, 0, 84, 0, 0, 0, 0, 9, 103, 0, -3, 0, 0, 0, 5, 0, 0, 0, 13, 5, 1, 8, 9, -1, -4, 14, 23, 5, 14, 4]
sns_3_Indiv: []
---
sns_1_Indiv: [50, 0, 1, -6, -25, 10, 22, 6, 11, 12, 0, 0, 19, 10, 5, 9, 14, 10, -5, 5, 3, 16, 14, 16, 6, -2, 10, 10, -7, 20, 11, 6, 24, 4, 9, 8]
sns_2_Indiv: [-90, 0, 0, 0, 492, 282, 0, 0, -53, 0, 0, 0, 26, 18, 44, 0, -3, 0, 0, 0, 6, 0, 0, 0, 49, 23, 93, 20, 46, -1, 18, 15, 24, 8, 5, 6]
sns_3_Indiv: []
---
sns_1_Indiv: [-51, 3, -3, 17, 23, 2, 21, -3, 13, 0, 7, -1, 20, 2, 4, 21, -9, 15, 31, 10, 24, 12, 5, 5, 13, 9, 20, 9, -33, 12, 5, 0, 0, 1, 7, 8]
sns_2_Indiv: [-90, 0, 0, 0, -235, -28, 0, 0, 70, 0, 0, 0, 4, 14, -23, 0, -3, 0, 0, 0, -4, 0, 0, 0, 25, 34, 29, 9, 48, -1, 13, 13, 23, 13, 18, 3]
sns_3_Indiv: []
---
sns_1_Indiv: [58, 5, -2, 11, -22, -5, 13, 5, 24, 9, 9, 20, -29, 13, -21, 8, 10, 8, 0, 2, -19, 14, -8, 17, -40, 0, 11, -4, 20, 4, -6, 12, -8, -8, 9, 18]
sns_2_Indiv: [557, 0, 0, 0, 492, 299, 0, 0, -53, 0, 0, 0, -1, 12, 17, 0, 12, 0, 0, 0, 5, 0, 0, 0, 16, 16, 57, 12, 3, -1, 22, 17, 9, 14, 19, 10]
sns_3_Indiv: []
---
sns_1_Indiv: [45, 9, 13, 6, 9, -6, 5, 11, -26, 3, 10, 11, -41, 5, 8, -6, -13, 5, 28, -1, 1, 11, 2, 18, 5, 22, 14, 16, -7, 24, 10, 2, -1, -2, 1, 3]
sns_2_Indiv: [182, 0, 0, 0, -185, -28, 0, 0, -54, 0, 0, 0, 2, 10, -15, 0, 3, 0, 0, 0, 4, 0, 0, 0, 0, 25, 70, 12, 27, -1, -3, 6, 13, 5, -6, 8]
sns_3_Indiv: []
---
sns_1_Indiv: [-3, 0, 10, 4, -14, 34, 8, 6, 5, 7, 7, -1, 12, 5, 32, 0, -22, 5, 12, 7, 8, 23, -6, -1, 21, 9, 20, -4, -2, 11, 6, 24, 13, 5, 8, 5]
sns_2_Indiv: [419, 0, 0, 0, 489, 282, 0, 0, -52, 0, 0, 0, 48, 7, -26, 0, -3, 0, 0, 0, -3, 0, 0, 0, 9, 9, 36, 9, 18, -1, 17, 4, 9, 17, 16, 16]
sns_3_Indiv: []
---
sns_1_Indiv: [45, 6, 23, 3, 32, -22, 9, -8, 33, 11, 12, 6, -30, 8, 1, 8, 3, 11, 25, 20, 16, 16, -2, 3, 15, 19, 22, 2, -24, 11, -2, 11, 5, 6, -4, 1]
sns_2_Indiv: [-91, 0, 0, 0, 453, -28, 0, 0, -54, 0, 0, 0, 1, 23, -2, 0, 4, 0, 0, 0, -4, 0, 0, 0, 58, 8, 38, 10, 4, -1, 9, 10, 13, -1, 10, 10]
sns_3_Indiv: []
---
sns_1_Indiv: [39, 1, 21, 8, 25, -9, 9, 8, 11, -2, -1, -7, -39, 0, 15, -2, 8, 9, 11, 11, 22, 3, 8, 9, 1, 2, -1, 0, 15, 6, 21, 8, 20, -7, 6, 6]
sns_2_Indiv: [169, 0, 0, 0, 26, -28, 0, 0, -52, 0, 0, 0, 58, 15, -112, 0, 3, 0, 0, 0, 3, 0, 0, 0, 7, 4, 17, 4, 16, -1, 23, 11, 27, 10, 14, 12]
sns_3_Indiv: []
---
sns_1_Indiv: [54, 15, 5, 8, -64, -8, 37, 14, 8, -9, -1, -6, -34, -1, 35, -6, -4, -2, 20, 6, -4, 20, -15, 1, 11, 10, 21, 11, 13, 22, -6, 9, -3, -4, 18, 4]
sns_2_Indiv: [273, 0, 0, 0, 155, -28, 0, 0, -53, 0, 0, 0, 1, 8, -53, 0, 4, 0, 0, 0, -3, 0, 0, 0, 29, 17, 65, 9, 0, -1, 2, 8, 18, 5, 4, 11]
sns_3_Indiv: []
---
sns_1_Indiv: [-31, 0, -25, 14, 46, 6, 20, 6, 24, 17, 3, -1, 28, 2, -4, 5, 11, -6, -4, 6, -36, 5, 14, 8, -42, 5, 0, 16, 21, 2, 23, 3, 34, 1, 4, 7]
sns_2_Indiv: [431, 0, 0, 0, 30, -28, 0, 0, -53, 0, 0, 0, 70, 1, 76, 0, -3, 0, 0, 0, -3, 0, 0, 0, -6, 14, 31, 5, -4, -1, 2, 0, 29, 8, 16, 6]
sns_3_Indiv: []
---
sns_1_Indiv: [9, 3, -5, 17, 49, 4, 20, 3, 28, -3, 16, -1, -26, -4, 23, 6, 10, 17, 27, 15, 11, 30, 11, 18, -20, 20, 14, 9, 18, 29, -3, 11, 27, 8, -2, 13]
sns_2_Indiv: [251, 0, 0, 0, -229, -28, 0, 0, -33, 0, 0, 0, 21, -9, -112, 0, 14, 0, 0, 0, 6, 0, 0, 0, -2, 32, 24, 9, 28, -1, 8, 15, 21, 8, 21, 12]
sns_3_Indiv: []
---
sns_1_Indiv: [-9, 8, -1, 13, 24, 23, 19, 5, 24, 14, 1, 13, 14, 7, 26, 5, -4, 5, 6, 18, -31, 17, 4, 6, 7, 10, 10, 2, 20, 3, 23, 17, -16, 5, 21, -6]
sns_2_Indiv: [293, 0, 0, 0, 414, -28, 0, 0, 221, 0, 0, 0, 11, 19, -75, 0, -4, 0, 0, 0, -4, 0, 0, 0, 13, 24, 44, 8, 41, -1, 2, -4, 6, 14, 17, 6]
sns_3_Indiv: []
---
sns_1_Indiv: [5, -4, 3, 4, 36, 15, 22, 2, -21, 6, 13, -7, 7, 1, 17, 11, 12, 5, 20, -6, -34, 2, 13, 23, -40, 7, 10, 0, 35, 15, 7, 6, 12, 10, 0, 12]
sns_2_Indiv: [289, 0, 0, 0, 148, -28, 0, 0, 69, 0, 0, 0, 0, 9, -62, 0, 3, 0, 0, 0, 5, 0, 0, 0, 19, 21, 61, 17, -12, -1, 14, 7, 5, 0, 9, 10]
sns_3_Indiv: []
---
sns_1_Indiv: [-26, -3, 15, 6, -13, -6, 7, 2, 18, 16, 2, -1, 22, 14, 12, 7, 6, 8, -2, -4, 18, 3, -14, 6, -1, 12, 6, -8, 25, 12, 0, 5, 22, -1, 9, 6]
sns_2_Indiv: [-90, 0, 0, 0, 492, 280, 0, 0, -52, 0, 0, 0, -10, 11, -67, 0, 3, 0, 0, 0, 5, 0, 0, 0, 67, 20, 101, 9, 29, -1, 25, 10, 27, 0, 7, -2]
sns_3_Indiv: []
---
sns_1_Indiv: [84, 9, -7, 17, 13, 37, 9, 5, -43, 1, -1, -17, -35, -13, 29, 17, -23, 19, 6, 3, 2, 16, 4, 7, -6, 11, 12, 16, 25, 12, -4, 11, 60, 3, 5, 15]
sns_2_Indiv: [432, 0, 0, 0, 282, -28, 0, 0, -55, 0, 0, 0, 32, 7, -56, 0, -3, 0, 0, 0, -4, 0, 0, 0, 0, 5, 44, 10, -10, -1, 20, 6, 16, 7, 15, 13]
sns_3_Indiv: []
---
sns_1_Indiv: [-53, 10, -4, -7, 33, 13, 3, 5, 10, 17, 0, -6, 21, 5, 26, 16, -14, 21, 0, 0, 7, 0, -14, -3, 21, 7, 7, 9, -19, 26, 10, -3, -1, 3, 9, 12]
sns_2_Indiv: [-90, 0, 0, 0, 281, -28, 0, 0, 64, 0, 0, 0, 24, 2, -62, 0, 4, 0, 0, 0, 5, 0, 0, 0, 53, 12, 31, 5, 27, -1, 11, 10, 39, 7, 13, 6]
sns_3_Indiv: []
---
sns_1_Indiv: [32, 13, -9, 24, 32, 17, 12, 7, -27, 6, 8, 13, 9, 2, 13, 4, 6, 1, 20, 7, 12, 12, 0, 17, 4, 18, 18, 11, -28, 18, 4, 3, 0, -10, 1, -4]
sns_2_Indiv: [164, 0, 0, 0, 492, 281, 0, 0, -37, 0, 0, 0, 40, 0, 65, 0, 3, 0, 0, 0, 4, 0, 0, 0, 14, 12, 34, 8, 52, -1, 15, 19, 17, 6, -3, 12]
sns_3_Indiv: []
---
sns_1_Indiv: [11, 5, 0, 2, 29, -9, 28, 5, 8, 8, -3, 12, 22, 7, 7, -7, -28, 19, -3, 4, 33, 13, 6, 19, -38, 0, 5, 20, -30, 24, 22, 6, 6, 11, 16, -4]
sns_2_Indiv: [547, 0, 0, 0, 492, 281, 0, 0, 220, 0, 0, 0, 57, 6, -60, 0, -3, 0, 0, 0, -4, 0, 0, 0, 20, -9, 15, 8, 2, -1, 30, 9, -20, 2, 22, 3]
sns_3_Indiv: []
---
sns_1_Indiv: [18, -4, 8, 42, 24, 9, 25, -5, 11, 7, 24, 12, 12, -1, 32, 10, 13, 9, 13, -3, 9, 16, 0, -9, 6, 13, 25, 3, -24, 15, 3, 2, 7, 9, 11, 3]
sns_2_Indiv: [-90, 0, 0, 0, 277, -28, 0, 0, 70, 0, 0, 0, 37, 11, -1, 0, -3, 0, 0, 0, 3, 0, 0, 0, 33, 2, 7, 5, 10, -1, 23, 7, -25, 2, 13, 9]
sns_3_Indiv: []
---
sns_1_Indiv: [34, 7, 20, 11, 36, 22, 10, 13, 13, 11, 10, 11, 12, 12, 32, 8, -3, 3, -20, 3, 9, 11, 6, 5, -31, -2, -4, 12, 18, 12, 13, 4, 16, 3, 16, -2]
sns_2_Indiv: [-90, 0, 0, 0, 283, -28, 0, 0, -53, 0, 0, 0, 12, 10, -22, 0, -4, 0, 0, 0, 3, 0, 0, 0, 54, 4, -4, 3, 15, -1, 3, 12, 15, 7, 15, 8]
sns_3_Indiv: []
---
sns_1_Indiv: [4, -9, 9, -8, 12, 7, 31, 2, 1, 12, 2, 6, -27, 5, 16, 11, -6, -2, 8, 15, 4, 13, 5, 22, -24, 8, 22, 2, 11, -3, 0, 11, 34, 0, 1, 9]
sns_2_Indiv: [295, 0, 0, 0, 416, -28, 0, 0, -25, 0, 0, 0, -4, 7, -32, 0, 20, 0, 0, 0, 5, 0, 0, 0, 11, 28, 48, 7, 51, -1, 3, 11, 23, 9, 9, 6]
sns_3_Indiv: []
---
sns_1_Indiv: [10, 10, -10, 7, -36, 1, 24, 0, 34, -3, 8, 6, -27, 6, 22, -4, -8, 10, 4, 12, -18, 14, -2, 8, -2, -1, 17, 8, 28, 10, 3, -8, 9, 4, 10, 18]
sns_2_Indiv: [170, 0, 0, 0, 492, 285, 0, 0, -44, 0, 0, 0, 64, -3, -39, 0, -3, 0, 0, 0, 5, 0, 0, 0, 28, 9, 76, 9, 52, -1, 22, -3, 16, 6, -9, 14]
sns_3_Indiv: []
---
sns_1_Indiv: [16, 0, 9, 16, 47, -20, 20, 3, 2, 29, 4, -2, 15, -7, 13, -2, -41, -5, 28, -3, 10, 12, 4, 7, 13, 14, 18, 5, 17, 6, 22, 2, -12, -11, -3, 12]
sns_2_Indiv: [-90, 0, 0, 0, 23, -28, 0, 0, -52, 0, 0, 0, -4, 17, 1, 0, 119, 0, 0, 0, -4, 0, 0, 0, 43, 7, -5, 7, 21, -1, -1, 8, 23, 1, 1, 6]
sns_3_Indiv: []
---
sns_1_Indiv: [-43, -2, 9, 5, 8, 3, 20, 1, -51, 9, 0, -4, -26, -4, -13, 11, -8, 2, -1, -1, -25, 16, -13, 9, -4, 0, 8, 6, 15, 11, 13, 0, 21, 0, 7, 4]
sns_2_Indiv: [-90, 0, 0, 0, -101, -28, 0, 0, 68, 0, 0, 0, 42, 6, -128, 0, 4, 0, 0, 0, -4, 0, 0, 0, 15, 22, 49, 4, -11, -1, 18, 11, 18, 2, 17, -2]
sns_3_Indiv: []
---
sns_1_Indiv: [-20, -1, 5, 11, 5, 22, 1, 6, 7, 19, 8, 8, 17, -8, 13, 9, -11, 9, 8, 3, 1, 7, 5, 28, -30, 15, 13, 11, 15, 15, 9, 9, -19, 0, 7, 17]
sns_2_Indiv: [179, 0, 0, 0, 492, 284, 0, 0, 79, 0, 0, 0, 6, 9, -50, 0, -3, 0, 0, 0, 5, 0, 0, 0, 21, 20, 6, 4, -10, -1, 10, 9, 25, -1, 12, 7]
sns_3_Indiv: []
---
sns_1_Indiv: [5, -3, 6, 6, 18, 25, 3, 4, 9, 1, 8, 10, -44, -1, -2, 8, -35, -7, -4, 1, 11, 1, -2, 35, 8, 16, 8, 2, 26, 15, 6, 6, 47, 1, -8, 6]
sns_2_Indiv: [-90, 0, 0, 0, -232, -28, 0, 0, -52, 0, 0, 0, 36, 13, -63, 0, -3, 0, 0, 0, -4, 0, 0, 0, 52, 10, 53, 11, -1, -1, 5, 3, 21, -3, 12, 0]
sns_3_Indiv: []
---
sns_1_Indiv: [32, -3, -2, 3, 41, 7, 0, 0, 1, 18, 9, 14, 17, -6, 9, 3, -4, 6, -2, -3, -35, -11, 12, 17, -19, 12, 15, 1, 13, 11, 2, -5, 7, -1, 4, 2]
sns_2_Indiv: [428, 0, 0, 0, 408, -28, 0, 0, -53, 0, 0, 0, 37, 7, -2, 0, -4, 0, 0, 0, 6, 0, 0, 0, 0, -7, 0, 4, -2, -1, 4, 11, 24, 3, 10, 5]
sns_3_Indiv: []
---
sns_1_Indiv: [21, 6, 10, 22, 37, 13, 20, -1, 17, 3, 11, -4, 14, 6, 5, -2, -15, 3, -13, 9, 8, -3, 3, 1, 23, 7, 7, 14, 27, 10, 2, 7, 52, -6, 0, 5]
sns_2_Indiv: [167, 0, 0, 0, 282, -28, 0, 0, -53, 0, 0, 0, 36, 0, -67, 0, -4, 0, 0, 0, 3, 0, 0, 0, 5, 19, 40, 4, 5, -1, 22, 21, 21, 8, 4, 11]
sns_3_Indiv: []
---
sns_1_Indiv: [-15, 3, 3, -5, -59, -5, 7, 2, -3, 3, 10, 4, -29, -3, -1, -2, -28, 13, 2, -12, 4, 5, 5, 17, 2, 8, 8, 1, -23, 12, 1, 13, 6, 11, 5, 2]
sns_2_Indiv: [232, 0, 0, 0, 28, -28, 0, 0, -38, 0, 0, 0, 59, -15, -60, 0, -3, 0, 0, 0, -4, 0, 0, 0, -10, 11, 30, 7, 9, -1, -13, 13, 24, 1, -3, 18]
sns_3_Indiv: []
---
sns_1_Indiv: [-26, 2, 6, 4, 66, 16, 6, 6, 37, 11, 10, 11, -31, -3, 34, 3, -5, 4, 9, 8, -44, 17, -8, 11, -34, 8, 16, 1, 29, 25, 12, 5, 11, -1, 1, 6]
sns_2_Indiv: [361, 0, 0, 0, 407, -28, 0, 0, 71, 0, 0, 0, 0, -5, -63, 0, 4, 0, 0, 0, 3, 0, 0, 0, 3, 4, -11, -7, -1, -1, 4, -2, -10, 4, 5, 7]
sns_3_Indiv: []
---
sns_1_Indiv: [12, -2, 16, 12, 22, -20, 4, 12, -52, 17, 12, -2, 23, 1, -1, 16, -10, 10, 15, 8, -17, 4, -28, -4, 5, 16, 18, 21, -22, 16, -8, 9, 21, 8, -1, 9]
sns_2_Indiv: [-90, 0, 0, 0, 403, -28, 0, 0, -55, 0, 0, 0, 67, -3, 110, 0, -3, 0, 0, 0, 5, 0, 0, 0, 16, 12, 36, 70, 41, -1, 17, -3, 18, 3, 7, 7]
sns_3_Indiv: []
---
sns_1_Indiv: [-14, -5, 14, 19, 43, 7, 42, 16, 16, 25, 17, -6, -27, 1, 1, -1, 9, 6, 31, 3, 3, 9, 9, 4, -26, 12, 5, -2, -14, 16, 10, -8, 27, 4, 11, 0]
sns_2_Indiv: [-90, 0, 0, 0, -245, -28, 0, 0, -54, 0, 0, 0, 4, 10, -62, 0, 4, 0, 0, 0, 5, 0, 0, 0, 51, 30, -9, 1, 3, -1, 21, 12, 22, 8, 11, 5]
sns_3_Indiv: []
---
sns_1_Indiv: [42, -1, 0, -9, -54, 5, 7, -1, 17, 4, 8, 0, -36, 4, 15, 6, 25, 6, 5, 6, 17, 3, 5, 7, -3, 7, 15, 6, -27, 15, -3, 5, 0, 8, 9, 10]
sns_2_Indiv: [163, 0, 0, 0, 492, 281, 0, 0, -53, 0, 0, 0, 34, -3, 13, 0, 4, 0, 0, 0, 5, 0, 0, 0, 8, 1, -21, 1, 1, -1, -4, 8, 2, -3, 3, 6]
sns_3_Indiv: []
---
sns_1_Indiv: [17, -4, 4, 2, -21, -7, 8, 2, 11, 14, 17, 0, 18, 9, 23, 2, -7, -3, 12, -2, 7, 4, 2, -5, -1, -1, 5, 2, 12, 6, 4, 3, 1, 7, 0, 1]
sns_2_Indiv: [683, 0, 0, 0, -357, -28, 0, 0, 198, 0, 0, 0, 56, 6, -62, 0, -3, 0, 0, 0, -3, 0, 0, 0, 19, 5, 53, 0, 14, -1, 9, 13, 33, 7, 22, 4]
sns_3_Indiv: []
---
sns_1_Indiv: [-37, 3, -2, 4, -11, -21, 13, 0, 16, 0, 3, 4, 4, 2, 3, 2, -1, 12, 0, -5, -36, -1, -19, 22, 16, 10, 15, -4, 11, 29, 1, 7, 17, -1, 18, -1]
sns_2_Indiv: [-90, 0, 0, 0, 283, -28, 0, 0, -53, 0, 0, 0, 30, 7, -3, 0, 3, 0, 0, 0, -4, 0, 0, 0, 18, 20, 45, 13, 5, -1, 8, 25, -6, 8, 1, 10]
sns_3_Indiv: []
---
sns_1_Indiv: [52, -6, 7, 2, -27, 11, -3, 2, -11, -5, 10, 5, 16, 9, 41, 8, -27, 9, 4, -4, -24, 11, 7, 7, 4, 8, 15, 4, -19, 20, -1, 10, 9, 4, -3, -1]
sns_2_Indiv: [296, 0, 0, 0, -231, -28, 0, 0, -52, 0, 0, 0, 31, 16, -63, 0, -3, 0, 0, 0, 2, 0, 0, 0, 26, 19, -11, 6, -14, -1, 36, 8, -9, 11, 8, 2]
sns_3_Indiv: []
---
sns_1_Indiv: [29, 9, -8, 13, 30, 13, 3, 17, 13, -8, 3, 1, 5, -4, 40, 6, 8, 9, 14, 2, 12, 10, -12, 11, -1, 8, 18, 13, -13, 3, 6, 13, -11, 1, 11, -7]
sns_2_Indiv: [427, 0, 0, 0, 23, -28, 0, 0, 221, 0, 0, 0, 1, 13, -52, 0, -3, 0, 0, 0, 5, 0, 0, 0, 53, 17, 92, -1, 13, -1, -4, -2, 4, 20, 13, -1]
sns_3_Indiv: []
---
sns_1_Indiv: [-1, -8, 8, 6, 34, 3, 3, -1, -45, 5, -3, -2, -30, 10, -3, -6, -1, 8, 14, 4, 16, 22, 7, 10, -15, 16, 13, 3, -17, 13, 6, 5, 20, 3, 2, 4]
sns_2_Indiv: [-90, 0, 0, 0, 492, 282, 0, 0, 70, 0, 0, 0, -4, 11, -2, 0, -3, 0, 0, 0, 5, 0, 0, 0, 10, 17, 17, 12, -12, -1, 33, 21, 3, 1, 16, 12]
sns_3_Indiv: []
---
sns_1_Indiv: [12, 8, 6, 13, -38, 3, 0, 10, -62, -2, 10, 8, 21, -3, 4, -4, 28, 9, 14, -3, 18, 7, 12, -3, 1, 3, 3, 2, -22, 8, 2, 7, -3, 3, 1, 5]
sns_2_Indiv: [291, 0, 0, 0, 492, 290, 0, 0, -19, 0, 0, 0, 44, 1, -2, 0, -3, 0, 0, 0, 4, 0, 0, 0, 13, 17, 23, 13, 4, -1, 21, 3, 38, 10, 3, -1]
sns_3_Indiv: []
---
sns_1_Indiv: [-32, 9, 17, 9, 27, -4, 13, -5, 21, -6, 18, 3, -30, 2, 24, 2, 2, -8, 5, -3, -40, -6, -4, 8, -30, 11, 13, 1, 16, 12, 7, 11, -19, -1, 3, 3]
sns_2_Indiv: [419, 0, 0, 0, 492, 291, 0, 0, 73, 0, 0, 0, -8, 8, -40, 0, -3, 0, 0, 0, 5, 0, 0, 0, 54, 22, 25, 8, 16, -1, 43, 23, -1, 11, 28, 15]
sns_3_Indiv: []
---
sns_1_Indiv: [-8, 0, 5, 10, 38, -2, 11, 13, -53, -12, -5, 8, 7, -4, -1, -1, -13, 0, 5, 7, 3, 5, 0, 17, -34, 14, 10, 10, 16, 8, 2, 1, 24, 4, 11, 1]
sns_2_Indiv: [291, 0, 0, 0, 409, -28, 0, 0, 198, 0, 0, 0, 52, -1, -93, 0, 4, 0, 0, 0, -4, 0, 0, 0, 60, 25, 45, 16, 21, -1, 22, 15, 40, 9, 22, 8]
sns_3_Indiv: []
---
sns_1_Indiv: [55, 0, 5, 4, 37, 53, 0, -6, 17, 6, 6, 11, -30, 4, -17, 5, 5, 5, 18, 4, -34, 7, 15, 7, 8, 14, 8, 9, -27, 8, 10, 12, 34, 5, 14, -2]
sns_2_Indiv: [165, 0, 0, 0, 492, 292, 0, 0, -38, 0, 0, 0, 39, 14, -62, 0, 3, 0, 0, 0, -3, 0, 0, 0, 17, -8, -15, 1, 17, -1, 19, 8, 18, 4, -5, 4]
sns_3_Indiv: []
---
sns_1_Indiv: [22, 6, 7, 11, -22, 6, 25, -4, 27, 6, 2, 11, 16, -3, -21, 30, 5, 3, 24, 3, -31, 7, 10, 0, 0, 11, 16, 12, -24, 6, 1, 5, 15, 4, 7, 20]
sns_2_Indiv: [343, 0, 0, 0, 27, -28, 0, 0, -52, 0, 0, 0, 1, -7, 83, 0, -3, 0, 0, 0, -3, 0, 0, 0, -16, 4, -8, -1, 12, -1, -4, 12, -20, 6, 9, 13]
sns_3_Indiv: []
---
sns_1_Indiv: [48, 0, 8, 9, 29, 12, -5, -18, 18, -11, 4, 16, -42, 9, 19, 18, 1, 18, 14, 11, 15, -2, 14, 11, -26, 0, 14, 11, -26, 13, 25, -4, 14, 4, 12, 8]
sns_2_Indiv: [419, 0, 0, 0, 406, -28, 0, 0, 198, 0, 0, 0, 45, 21, -45, 0, -3, 0, 0, 0, 3, 0, 0, 0, 4, 9, 35, 4, -11, -1, 11, 3, 18, -2, 14, 5]
sns_3_Indiv: []
---
sns_1_Indiv: [15, -10, -7, 5, -41, 24, 5, -6, 16, 8, 2, 4, 18, -5, -12, -9, 20, 5, -11, 1, 5, -7, 11, 6, -4, 10, 12, 4, 23, 4, 0, 15, 3, 5, 13, 5]
sns_2_Indiv: [-90, 0, 0, 0, -98, -28, 0, 0, 84, 0, 0, 0, -1, 9, -23, 0, 3, 0, 0, 0, 3, 0, 0, 0, 26, 19, 13, 15, 8, -1, 7, 17, 11, 0, -9, 14]
sns_3_Indiv: []
---
sns_1_Indiv: [39, 6, 9, 5, 16, 8, 6, 12, 0, 8, 11, 13, 20, -5, 26, -2, 8, 5, 8, 7, 23, 0, 13, 9, -59, 8, 3, 8, 25, -2, 1, 2, 19, 8, 14, 10]
sns_2_Indiv: [419, 0, 0, 0, 492, 286, 0, 0, -52, 0, 0, 0, 3, 10, -112, 0, -3, 0, 0, 0, -4, 0, 0, 0, 50, 19, -6, 4, 0, -1, 16, 5, 23, 6, 0, 5]
sns_3_Indiv: []
---
sns_1_Indiv: [11, 3, 11, 3, 16, 19, 14, 5, 5, 4, 17, 10, -15, 0, 14, 7, 10, 3, 10, 11, -30, 14, 6, 9, 27, 13, 6, 1, -14, 16, 12, 8, 12, 6, 16, 7]
sns_2_Indiv: [-90, 0, 0, 0, 278, -28, 0, 0, -42, 0, 0, 0, 39, 9, -24, 0, 3, 0, 0, 0, -3, 0, 0, 0, 16, 17, 48, 0, -4, -1, 10, 6, 28, 10, 9, 12]
sns_3_Indiv: []
---
sns_1_Indiv: [-30, 11, -5, 17, 47, 34, 7, 7, 3, -7, 0, 9, 15, -1, 8, 23, 35, 6, 9, 10, -21, 37, 23, 3, 8, 5, 19, 8, 33, 12, 10, 2, 32, 20, 10, 5]
sns_2_Indiv: [297, 0, 0, 0, -230, -28, 0, 0, 82, 0, 0, 0, -11, 13, -62, 0, 4, 0, 0, 0, 2, 0, 0, 0, 14, 19, -27, 9, -2, -1, 15, 18, 17, 4, 20, 6]
sns_3_Indiv: []
---
sns_1_Indiv: [18, 2, 1, 10, 43, 7, 4, 12, -34, 8, 8, 2, 14, 6, 6, 7, 5, 6, 14, 7, -23, 12, 25, -1, 9, 4, 12, 22, 25, 9, 5, 4, 3, 4, 8, -5]
sns_2_Indiv: [-90, 0, 0, 0, 24, -28, 0, 0, -54, 0, 0, 0, 2, -1, -28, 0, 4, 0, 0, 0, -3, 0, 0, 0, 4, 13, 86, -3, 39, -1, 10, 17, 21, 7, 12, 10]
sns_3_Indiv: []
---
sns_1_Indiv: [20, -1, 13, 8, 6, 8, 26, -3, 17, 3, 2, -2, 27, 7, -13, 10, -13, 13, -13, -5, 8, 2, 12, 8, 6, 21, 11, 1, -20, 11, 19, 16, -10, -1, -3, 10]
sns_2_Indiv: [167, 0, 0, 0, -103, -28, 0, 0, -53, 0, 0, 0, -27, 11, -24, 0, 20, 0, 0, 0, 2, 0, 0, 0, 15, 7, 27, 8, 23, -1, 15, 14, 16, 5, 10, 4]
sns_3_Indiv: []
---
sns_1_Indiv: [19, -8, 17, 5, 17, 14, -2, 3, 9, -10, 9, 8, 8, -10, 10, 4, -10, -2, -1, 0, 6, -6, -23, -4, 0, 9, 4, 2, -33, 0, 11, -9, -9, -6, 10, 2]
sns_2_Indiv: [-90, 0, 0, 0, -107, -28, 0, 0, -25, 0, 0, 0, -8, 6, -36, 0, 4, 0, 0, 0, -3, 0, 0, 0, 14, 4, 49, -5, 0, -1, 12, 14, 15, 0, 11, 15]
sns_3_Indiv: []
---
sns_1_Indiv: [-2, 0, -19, -19, 37, 2, -3, 3, 1, 4, 0, -9, -1, 1, -10, -7, -11, -10, 2, -8, -39, 4, -3, 5, -1, 3, -3, 1, 23, -2, 5, 1, -1, -3, -2, 6]
sns_2_Indiv: [-90, 0, 0, 0, 150, -28, 0, 0, 84, 0, 0, 0, -10, 7, 172, 0, 4, 0, 0, 0, 2, 0, 0, 0, 54, 6, 5, 7, 42, -1, 0, 10, 21, 12, 9, -2]
sns_3_Indiv: []
---
sns_1_Indiv: [-70, 5, -15, -5, 28, 9, -5, 1, 15, 7, 9, 0, -38, -3, -28, -12, 14, 20, 1, -16, -37, -12, -4, 9, -9, 11, 9, -5, -36, -6, 7, 15, 15, 0, 0, 3]
sns_2_Indiv: [-90, 0, 0, 0, 492, 291, 0, 0, -53, 0, 0, 0, 60, 2, -23, 0, -3, 0, 0, 0, -4, 0, 0, 0, -1, 6, 34, 4, 15, -1, 2, 1, 6, 1, 6, 2]
sns_3_Indiv: []
---
sns_1_Indiv: [51, -1, 3, 1, 28, 3, -4, -7, -15, 6, 3, 1, 23, -2, 23, 8, -26, -2, -21, -7, 7, 12, 2, 14, -2, 4, -3, -2, 15, 1, 12, 3, 8, 2, 7, 9]
sns_2_Indiv: [-90, 0, 0, 0, -360, -28, 0, 0, 223, 0, 0, 0, -16, 4, -26, 0, -3, 0, 0, 0, 2, 0, 0, 0, 7, 6, 15, 2, 17, -1, 14, 1, 0, 4, 1, 9]
sns_3_Indiv: []
---
sns_1_Indiv: [-53, 1, 0, 4, 24, 9, -6, 7, 15, -2, 7, 4, 9, -8, 7, 16, 15, 9, -5, 0, 11, 2, 8, 23, 10, 5, 9, 18, -20, 6, 14, -11, 0, -1, 5, 8]
sns_2_Indiv: [164, 0, 0, 0, 491, 291, 0, 0, 65, 0, 0, 0, 1, -1, -63, 0, -3, 0, 0, 0, -4, 0, 0, 0, 29, 30, 71, 7, -3, -1, 1, 14, 9, -1, 14, 13]
sns_3_Indiv: []
---
sns_1_Indiv: [3, 1, 2, 11, 31, 19, 16, 0, 2, -4, 10, 3, 8, 3, 3, 13, 14, -3, -4, 8, -43, 4, 0, 11, 11, 13, 16, 4, -11, 14, -4, -7, -14, 3, 4, 11]
sns_2_Indiv: [-90, 0, 0, 0, 148, -28, 0, 0, 53, 0, 0, 0, 19, 11, 95, 0, -3, 0, 0, 0, -4, 0, 0, 0, 10, 24, -3, 10, 5, -1, 6, 12, -25, 2, 8, 9]
sns_3_Indiv: []
---
sns_1_Indiv: [5, 2, 21, -3, 53, 34, 9, -1, 10, 5, 3, 1, 20, -3, -2, 1, 10, 3, 41, -5, 3, -5, 19, 5, 4, 14, 15, 4, -23, 7, 5, -10, -5, 4, 4, -3]
sns_2_Indiv: [427, 0, 0, 0, -233, -28, 0, 0, -53, 0, 0, 0, -1, 6, -16, 0, -3, 0, 0, 0, -4, 0, 0, 0, 26, 20, 57, 3, 10, -1, -7, -5, 5, -2, 5, 3]
sns_3_Indiv: []
---
sns_1_Indiv: [-7, 9, 9, 8, 16, 43, 3, 1, 1, 6, 8, 2, 16, -1, 12, 6, -9, -2, -19, -3, 3, 15, 11, 50, 3, 8, -5, 2, 9, 6, 5, -9, -19, 3, 0, -1]
sns_2_Indiv: [293, 0, 0, 0, -98, -28, 0, 0, 52, 0, 0, 0, -5, 5, -26, 0, -4, 0, 0, 0, -4, 0, 0, 0, 0, -11, -18, 1, 14, -1, 4, 8, 5, 1, 9, 10]
sns_3_Indiv: []
---
sns_1_Indiv: [34, -3, 2, 0, 27, 14, -8, 0, -1, 8, -5, 5, -39, 1, -7, -9, 15, -5, 3, 7, -41, 14, -11, 6, 18, 7, 10, 11, 10, -1, 11, -2, -14, -7, 5, 0]
sns_2_Indiv: [292, 0, 0, 0, 406, -28, 0, 0, -53, 0, 0, 0, -16, 7, 107, 0, -3, 0, 0, 0, 3, 0, 0, 0, 7, 25, 47, 5, 14, -1, 2, 8, 10, 4, 5, 6]
sns_3_Indiv: []
---
sns_1_Indiv: [25, 1, -7, 3, 43, 32, 12, 4, 22, -1, -8, 2, 31, -2, -10, 11, 18, 9, 2, 2, -1, 7, 0, 21, 18, 6, 20, 4, -12, -1, -1, -7, 16, -12, 6, 6]
sns_2_Indiv: [-90, 0, 0, 0, -232, -28, 0, 0, -53, 0, 0, 0, -10, 6, -5, 0, -3, 0, 0, 0, -4, 0, 0, 0, 10, 0, -21, 3, 6, -1, 26, 8, -12, -6, 23, 12]
sns_3_Indiv: []
---
sns_1_Indiv: [21, 19, 7, 2, 40, 22, 14, -6, 20, 5, 4, -11, -20, 2, 3, 16, 1, 2, 1, -1, -26, 19, -9, 6, 18, 9, 16, 8, -11, 8, -3, 12, -2, 11, 5, 6]
sns_2_Indiv: [-90, 0, 0, 0, 408, -28, 0, 0, 70, 0, 0, 0, 57, 4, -60, 0, -3, 0, 0, 0, -3, 0, 0, 0, 7, 26, 58, 6, 45, -1, 7, 12, 23, 5, 4, 4]
sns_3_Indiv: []
---
sns_1_Indiv: [16, -4, 7, -17, 33, -27, 14, 3, -53, 16, 16, 22, 17, 4, -4, 4, 18, 5, -10, -8, 8, 10, -9, 2, -36, -9, 8, -6, 10, 5, 6, -4, 12, -7, 5, 2]
sns_2_Indiv: [558, 0, 0, 0, 492, 286, 0, 0, 71, 0, 0, 0, -12, 31, 0, 0, -3, 0, 0, 0, 5, 0, 0, 0, 4, 17, 25, 8, -7, -1, 16, 15, 23, 13, 15, 1]
sns_3_Indiv: []
---
sns_1_Indiv: [29, 6, -1, 0, 7, 8, 7, -4, 5, 8, 1, -25, 19, -5, 3, -5, 17, -2, 10, -2, 7, -11, 9, 1, -36, 7, 18, 14, -24, 10, -2, 14, 19, 2, 4, 7]
sns_2_Indiv: [437, 0, 0, 0, 409, -28, 0, 0, -30, 0, 0, 0, 0, 6, 11, 0, -4, 0, 0, 0, -3, 0, 0, 0, 54, 4, 26, 14, -11, -1, 4, 14, 13, 4, 24, 10]
sns_3_Indiv: []
---
sns_1_Indiv: [16, -4, 9, -5, 57, 0, 6, 6, 0, 8, -5, -3, 16, -1, 18, 9, 5, 3, 3, 5, 10, 1, 3, -2, -5, 11, -3, 7, 26, 4, 9, -1, -14, -3, 14, 8]
sns_2_Indiv: [251, 0, 0, 0, 492, 292, 0, 0, -53, 0, 0, 0, 2, 7, 80, 0, 5, 0, 0, 0, 5, 0, 0, 0, 6, 15, 30, 7, 15, -1, 14, 15, 26, -1, 5, 6]
sns_3_Indiv: []
---
sns_1_Indiv: [18, 0, -6, 4, 37, -1, -1, 6, 28, 10, 9, -3, 17, -1, 19, 0, -10, -3, 17, -3, 8, 5, -20, 4, 4, 3, 2, 15, 5, 15, 9, 1, 0, -6, -2, -3]
sns_2_Indiv: [281, 0, 0, 0, 409, -28, 0, 0, 82, 0, 0, 0, 35, -3, -62, 0, -3, 0, 0, 0, -4, 0, 0, 0, 1, 23, 18, 13, 43, -1, 7, 11, 23, 2, 5, 3]
sns_3_Indiv: []
---
sns_1_Indiv: [20, 7, 19, -1, 10, 36, 1, 1, -15, 9, -1, 4, 11, 15, 8, 13, -7, -2, -2, 1, -30, 6, -15, 6, 3, 8, 9, 3, -26, 6, 9, 1, -1, -2, 7, -9]
sns_2_Indiv: [-90, 0, 0, 0, 279, -28, 0, 0, -53, 0, 0, 0, -12, 18, -54, 0, 4, 0, 0, 0, -4, 0, 0, 0, 51, 3, 4, 3, 8, -1, 22, 18, -6, -3, 28, 1]
sns_3_Indiv: []
---
sns_1_Indiv: [22, -7, 5, -1, 21, -11, 13, -1, -5, 2, 6, 2, 5, -9, -1, 9, -31, -1, 10, -3, -34, -3, 5, -4, -6, 12, 14, 13, 14, 9, 9, -2, -4, 1, 7, 0]
sns_2_Indiv: [-90, 0, 0, 0, 409, -28, 0, 0, -52, 0, 0, 0, -2, -4, -62, 0, 4, 0, 0, 0, 5, 0, 0, 0, 10, -2, 80, 14, -1, -1, 19, 1, 11, 1, 15, -4]
sns_3_Indiv: []
---
sns_1_Indiv: [43, -11, -16, 0, 4, 20, 1, -8, -1, 3, 7, 1, -36, 0, -1, -6, -35, -1, -19, -1, 7, 0, 5, 2, 4, 8, -3, -4, 20, 6, 10, -4, 11, -2, -2, -2]
sns_2_Indiv: [163, 0, 0, 0, 492, 291, 0, 0, -53, 0, 0, 0, 63, 0, -62, 0, -3, 0, 0, 0, 5, 0, 0, 0, 5, 16, 51, 1, -3, -1, 17, 11, -17, 3, 6, -2]
sns_3_Indiv: []
---
sns_1_Indiv: [-7, 4, 15, -11, 24, 24, -14, 1, 8, 19, -4, 6, -40, -3, 2, -5, 9, 12, -1, -4, 9, 16, 5, 6, 3, 4, 2, 4, -15, 10, 7, 5, -16, 4, 5, -6]
sns_2_Indiv: [-90, 0, 0, 0, -230, -28, 0, 0, 83, 0, 0, 0, -3, -5, -25, 0, -3, 0, 0, 0, -4, 0, 0, 0, 6, 19, 61, 5, -10, -1, 25, 15, 12, 5, 5, -2]
sns_3_Indiv: []
---
sns_1_Indiv: [-5, -6, 17, 11, 25, 37, 12, 10, 18, -12, -10, -3, 25, 21, 1, -1, -23, 2, -10, 5, 4, 7, 6, 1, 0, 9, 8, 2, -23, 4, 28, 3, 22, -7, -2, -16]
sns_2_Indiv: [-90, 0, 0, 0, 501, 290, 0, 0, -38, 0, 0, 0, 65, 4, -68, 0, -3, 0, 0, 0, 5, 0, 0, 0, 11, 20, 1, 3, -13, -1, -1, 3, 15, 5, 0, 7]
sns_3_Indiv: []
---
sns_1_Indiv: [9, -15, 13, -9, 20, 12, 16, -6, -48, -8, 3, 3, -18, 2, -9, 0, -2, 1, 9, -6, 14, 4, 11, 15, -44, 9, 11, 5, 19, 19, -1, -9, 5, 6, 11, -5]
sns_2_Indiv: [-90, 0, 0, 0, 492, 299, 0, 0, -24, 0, 0, 0, 37, 10, 76, 0, 4, 0, 0, 0, -3, 0, 0, 0, 16, -2, 81, 6, -1, -1, -5, 8, 23, 0, 8, 15]
sns_3_Indiv: []
---
sns_1_Indiv: [-51, 12, 10, 3, 9, 6, 9, 12, 6, -2, 13, 4, 23, 12, 14, -6, 2, -3, 18, -2, -6, 22, 0, 1, 10, 36, 9, 6, 23, 14, 11, 0, 4, 3, -9, 7]
sns_2_Indiv: [167, 0, 0, 0, -482, -28, 0, 0, -38, 0, 0, 0, -6, 17, -27, 0, 3, 0, 0, 0, 5, 0, 0, 0, 56, 23, 3, 5, 14, -1, 36, 8, -7, 6, 27, -3]
sns_3_Indiv: []
---
sns_1_Indiv: [20, -1, 2, 22, 18, 23, -9, -14, 24, -5, -3, -6, 15, -2, 20, 3, 16, 6, 14, 2, -33, -7, -4, -2, 13, 1, 2, 0, -16, -5, 4, 15, 16, -5, 9, 7]
sns_2_Indiv: [-90, 0, 0, 0, 284, -28, 0, 0, -53, 0, 0, 0, 18, 12, -62, 0, -3, 0, 0, 0, -3, 0, 0, 0, -3, 19, 68, 7, 40, -1, 1, 12, 29, 10, -1, 10]
sns_3_Indiv: []
---
sns_1_Indiv: [-15, 9, 4, 18, 35, 22, 29, 1, -6, 10, 14, -2, 7, 3, 31, 0, -43, 3, -24, 13, 3, 9, -21, 15, 10, 2, -15, 4, 28, 15, 12, -1, 6, 0, 4, 1]
sns_2_Indiv: [-90, 0, 0, 0, 492, 282, 0, 0, -38, 0, 0, 0, 61, 11, -51, 0, -3, 0, 0, 0, -3, 0, 0, 0, 50, -3, 23, 5, 1, -1, 25, 10, -25, -4, 11, -4]
sns_3_Indiv: []
---
sns_1_Indiv: [15, 4, 8, -4, -5, -12, -4, 9, 21, -4, -3, -5, 1, -9, 0, -3, -10, 0, 17, 3, 4, 13, 11, 4, 11, 10, 6, 32, -27, -6, 3, 0, -8, 23, 14, 10]
sns_2_Indiv: [-90, 0, 0, 0, -231, -28, 0, 0, 219, 0, 0, 0, 43, -1, 104, 0, 4, 0, 0, 0, -4, 0, 0, 0, 42, 10, -2, 2, 16, -1, 3, 6, -4, -3, 20, 9]
sns_3_Indiv: []
---
sns_1_Indiv: [25, 10, -4, 4, -34, 10, -16, 2, -3, 8, 10, 9, 13, 5, 3, -6, 6, 9, 1, -11, 0, 6, 1, -4, 1, 11, 1, -1, -8, 12, 11, 10, 12, -2, 6, 2]
sns_2_Indiv: [-90, 0, 0, 0, 492, 280, 0, 0, 227, 0, 0, 0, 6, 8, -4, 0, -4, 0, 0, 0, -4, 0, 0, 0, 13, 33, 6, 2, 28, -1, 11, 8, -1, 1, 8, 0]
sns_3_Indiv: []
---
sns_1_Indiv: [35, 5, 15, 13, -66, 0, 3, -7, -17, 0, 9, -1, -35, -2, -15, 8, 0, 0, 17, -3, -31, 2, -10, 12, -32, -2, 5, 3, 20, 9, -4, 7, 6, 6, -1, 3]
sns_2_Indiv: [382, 0, 0, 0, 418, -28, 0, 0, 10, 0, 0, 0, 57, 0, 95, 0, -4, 0, 0, 0, 10, 0, 0, 0, -2, 10, 42, 7, 7, -1, 2, 8, -4, 12, 18, 7]
sns_3_Indiv: []
---
sns_1_Indiv: [5, 5, -4, 0, 43, 2, 10, -1, -14, -17, 15, 6, 19, 15, -5, 5, -15, 22, -1, -1, -28, -3, -3, 5, -5, 8, 6, 4, -21, 14, 2, 5, -22, 3, -3, -5]
sns_2_Indiv: [-90, 0, 0, 0, 492, 284, 0, 0, -53, 0, 0, 0, 41, 4, -23, 0, 4, 0, 0, 0, -4, 0, 0, 0, 12, 19, 17, 8, 34, -1, 0, 10, 20, 0, 13, 9]
sns_3_Indiv: []
---
sns_1_Indiv: [-3, 0, -10, 9, 23, -21, 9, -1, -3, 15, 10, 0, 18, -8, 6, 2, 19, 11, 0, 2, 7, 3, 0, -5, 15, 5, 14, 9, 28, 5, -9, 1, 4, -4, 5, 1]
sns_2_Indiv: [-90, 0, 0, 0, 282, -28, 0, 0, -53, 0, 0, 0, 1, 33, 65, 0, -3, 0, 0, 0, -4, 0, 0, 0, -6, 14, 34, -2, 10, -1, -12, 16, 15, 5, 14, 16]
sns_3_Indiv: []
---
sns_1_Indiv: [-10, -8, 1, -7, 37, 4, 7, -2, 17, -1, 16, -2, 15, 0, 24, 19, -1, -4, -15, -2, -27, 16, -15, 11, 2, 11, 9, -7, -33, 1, 20, 3, 29, 28, 4, -7]
sns_2_Indiv: [291, 0, 0, 0, 492, 295, 0, 0, -54, 0, 0, 0, -1, 5, -28, 0, 3, 0, 0, 0, 5, 0, 0, 0, -3, 23, -16, 1, 18, -1, 19, 4, 16, -3, 27, 3]
sns_3_Indiv: []
---
sns_1_Indiv: [33, 2, -4, -5, -56, 0, 10, -8, 15, 13, -3, 12, 8, -7, 36, 15, 0, 13, 8, 1, -36, 1, 2, 2, 17, 16, 13, -2, -18, 2, 9, 11, 8, 4, 9, 11]
sns_2_Indiv: [428, 0, 0, 0, -101, -28, 0, 0, 69, 0, 0, 0, 62, -4, -62, 0, 3, 0, 0, 0, 3, 0, 0, 0, 7, 18, 39, 2, -6, -1, 15, 17, 18, 5, 10, 11]
sns_3_Indiv: []
---
sns_1_Indiv: [65, 9, 7, -14, 33, 42, 2, 7, 17, 14, 1, 8, 19, 13, 30, -1, -24, 2, 16, -2, 15, 12, 5, -1, 16, -1, 22, 0, 27, 8, 9, -6, 26, -6, -3, -4]
sns_2_Indiv: [419, 0, 0, 0, 282, -28, 0, 0, -8, 0, 0, 0, 37, 3, -61, 0, -3, 0, 0, 0, -3, 0, 0, 0, 2, 19, 23, 4, -15, -1, 4, 16, 35, 12, 17, 19]
sns_3_Indiv: []
---
sns_1_Indiv: [20, 3, -8, 9, 29, -20, -6, -4, -10, 3, -4, 7, 9, 8, 31, 8, -1, -2, 20, 0, 9, 25, 3, 8, 9, 15, 22, 19, 27, 9, -2, 22, 16, 2, 10, 6]
sns_2_Indiv: [293, 0, 0, 0, 411, -28, 0, 0, -38, 0, 0, 0, 5, 7, -34, 0, 4, 0, 0, 0, -4, 0, 0, 0, 5, 11, 32, 19, 14, -1, 5, 11, 15, 11, 25, 14]
sns_3_Indiv: []
---
sns_1_Indiv: [30, 9, 7, 16, 33, 18, 8, 8, 13, 4, 3, 5, 5, 2, 34, 7, 8, 14, 9, 4, -28, 4, 2, 12, -43, 11, 17, 12, 29, 40, 11, 5, -7, -2, 3, -1]
sns_2_Indiv: [-90, 0, 0, 0, 397, -28, 0, 0, 70, 0, 0, 0, 32, 13, -62, 0, 4, 0, 0, 0, 6, 0, 0, 0, 11, 16, 155, 4, 34, -1, 7, 8, 15, 3, 14, 3]
sns_3_Indiv: []
---
sns_1_Indiv: [-45, -3, 5, 8, -40, -1, 2, 9, -2, 10, 16, 7, 21, 4, -19, 9, 5, 0, 3, 7, 9, 7, -9, 10, -28, 9, 16, 8, 23, 20, 19, 1, 19, -3, 15, 0]
sns_2_Indiv: [-90, 0, 0, 0, -101, -28, 0, 0, -7, 0, 0, 0, 39, -2, 65, 0, -3, 0, 0, 0, 6, 0, 0, 0, 12, 8, 13, 9, 10, -1, 5, 15, 4, 10, 6, 2]
sns_3_Indiv: []
---
sns_1_Indiv: [-15, -7, 17, 1, 29, -9, 17, 4, -5, 9, 10, 0, -18, 3, 13, 16, 12, 6, -9, 5, -1, 12, 8, 5, 9, 13, 17, 5, 26, 26, 1, 5, -35, -9, 0, 4]
sns_2_Indiv: [-90, 0, 0, 0, -225, -28, 0, 0, 21, 0, 0, 0, -2, -4, -6, 0, 3, 0, 0, 0, 5, 0, 0, 0, 19, 16, 13, 11, 7, -1, 11, 14, 8, 6, 11, 5]
sns_3_Indiv: []
---
sns_1_Indiv: [-31, 8, -5, -6, -49, 5, 11, -1, 12, -3, 8, 6, 14, 8, 9, -1, 12, 17, 58, -9, -26, 7, -3, 0, 15, 17, 11, 13, -30, 11, 6, -1, 8, -6, 6, -1]
sns_2_Indiv: [166, 0, 0, 0, -354, -28, 0, 0, -53, 0, 0, 0, 2, 8, -71, 0, -4, 0, 0, 0, -4, 0, 0, 0, 13, 16, 40, -1, -5, -1, -2, 6, 11, 4, 9, 12]
sns_3_Indiv: []
---
sns_1_Indiv: [15, 9, 7, -3, 60, -18, 17, -3, 8, -1, -4, -12, 10, -2, 19, -5, 8, -2, 0, -10, -25, 19, -12, 8, -20, 3, 2, 14, -17, 22, 21, 5, 2, -3, 9, 1]
sns_2_Indiv: [-90, 0, 0, 0, 489, 285, 0, 0, -52, 0, 0, 0, -4, 15, -32, 0, -3, 0, 0, 0, -3, 0, 0, 0, 10, 19, 32, 3, 39, -1, 10, 11, 24, 12, 27, 0]
sns_3_Indiv: []
---
sns_1_Indiv: [67, -1, 5, 12, 28, 14, -7, 7, -39, 8, 16, 5, -37, 0, -12, 11, -10, 12, 9, -11, 9, 8, 9, 13, 5, 6, 1, 15, -22, 1, 0, -7, -3, -2, 0, 16]
sns_2_Indiv: [438, 0, 0, 0, 26, -28, 0, 0, -52, 0, 0, 0, 25, 9, -62, 0, 3, 0, 0, 0, 5, 0, 0, 0, 6, 13, 99, 2, -2, -1, 2, 5, -13, -3, 9, 4]
sns_3_Indiv: []
---
sns_1_Indiv: [33, -2, 17, 3, -34, 20, 25, 14, 4, 6, 8, 20, 20, 11, 10, 14, -3, 18, 6, 0, 9, -1, -17, -5, 13, 8, 14, 3, 19, 5, 12, 6, -18, -2, 13, 5]
sns_2_Indiv: [-90, 0, 0, 0, 276, -28, 0, 0, -53, 0, 0, 0, 36, -10, -31, 0, -3, 0, 0, 0, -3, 0, 0, 0, 1, 22, 56, 2, 23, -1, 24, 2, 12, 6, 5, 9]
sns_3_Indiv: []
---
sns_1_Indiv: [39, 5, 9, -6, 33, -10, 28, -10, 6, 11, 2, 14, 11, 5, -20, 11, -28, 16, 0, 6, 9, 0, -12, 4, -28, 3, 9, 10, 21, 3, -1, -4, -6, -3, 0, 4]
sns_2_Indiv: [177, 0, 0, 0, -482, -28, 0, 0, -53, 0, 0, 0, 44, -4, 63, 0, -4, 0, 0, 0, 5, 0, 0, 0, -10, 9, 55, 7, 22, -1, 22, 7, -2, 3, 10, 10]
sns_3_Indiv: []
---
sns_1_Indiv: [-4, 14, -4, 5, 29, 5, 8, 7, 25, 12, 20, 7, 20, 14, 7, 8, -21, 17, 28, 14, 7, 10, -4, 0, 15, 10, 8, 12, 16, 12, 4, 4, 12, 9, 8, 9]
sns_2_Indiv: [-90, 0, 0, 0, 492, 285, 0, 0, -52, 0, 0, 0, -5, 20, -24, 0, 3, 0, 0, 0, -3, 0, 0, 0, 13, 2, 27, 9, 7, -1, 6, 6, 17, -5, 14, 11]
sns_3_Indiv: []
---
sns_1_Indiv: [29, -4, 24, -6, -20, 13, 3, 7, 11, 7, 8, 0, 4, -9, 6, 10, 22, 20, 7, 7, 4, 3, 13, 2, -39, 2, 23, 13, 12, 7, 10, 11, 47, 0, 13, -2]
sns_2_Indiv: [292, 0, 0, 0, -231, -28, 0, 0, -52, 0, 0, 0, -10, -8, -24, 0, -3, 0, 0, 0, -4, 0, 0, 0, 4, 5, 15, 6, 10, -1, 8, -10, -36, 13, 2, -10]
sns_3_Indiv: []
---
sns_1_Indiv: [23, -1, 17, 13, 51, -2, 21, 20, -41, -11, 23, 7, -42, 7, -15, 17, 12, 1, 10, 0, -44, -5, -2, 8, 15, 0, 12, 12, 22, 4, -2, 1, -13, -2, 13, -4]
sns_2_Indiv: [-90, 0, 0, 0, 501, 287, 0, 0, -24, 0, 0, 0, 65, -3, -33, 0, 4, 0, 0, 0, -3, 0, 0, 0, 6, 14, 16, 3, 26, -1, 39, 9, 1, 3, 14, 3]
sns_3_Indiv: []
---
sns_1_Indiv: [27, 1, 8, 4, 27, -3, 6, 7, 15, 24, 10, 5, 17, 10, -29, -6, -9, 6, -5, -12, -29, 8, 16, 26, -22, 5, 15, 12, -18, 25, 6, 21, 2, 6, 7, 7]
sns_2_Indiv: [254, 0, 0, 0, 407, -28, 0, 0, -52, 0, 0, 0, 6, -1, -63, 0, 113, 0, 0, 0, -4, 0, 0, 0, 8, 18, 41, 12, 1, -1, 15, -1, 22, 5, 2, 8]
sns_3_Indiv: []
---
sns_1_Indiv: [-7, 8, 7, 0, 20, -4, 4, -3, 24, -1, 11, 17, 12, 4, 3, 20, -9, -6, 7, 13, 12, 11, -10, 4, 8, 7, 13, 6, 35, 2, 25, 9, 39, -1, 5, 8]
sns_2_Indiv: [164, 0, 0, 0, 284, -28, 0, 0, -53, 0, 0, 0, -4, 17, 65, 0, -3, 0, 0, 0, -4, 0, 0, 0, 18, 17, 22, 0, 16, -1, 4, 0, 4, 1, 19, 10]
sns_3_Indiv: []
---
sns_1_Indiv: [-48, 11, 14, 3, 13, 15, 13, 10, -58, 0, 0, 12, 18, 2, 12, -2, -48, 5, 4, 2, -1, 11, -9, 20, 3, 15, 9, 15, 22, 50, 7, 9, 3, 4, -6, 0]
sns_2_Indiv: [-90, 0, 0, 0, -105, -28, 0, 0, 198, 0, 0, 0, -5, -4, -24, 0, -3, 0, 0, 0, 5, 0, 0, 0, 21, 12, 71, 10, -7, -1, 14, 12, 16, 1, -6, 0]
sns_3_Indiv: []
---
sns_1_Indiv: [-8, -6, -7, 8, -52, -5, -2, 7, 1, 19, 11, 8, 0, 6, -8, -5, 20, -2, 3, 4, 3, 4, -3, 11, 26, 7, 6, -8, 23, 8, -1, 14, -1, 10, 13, 10]
sns_2_Indiv: [-90, 0, 0, 0, 407, -28, 0, 0, -53, 0, 0, 0, -2, -5, 65, 0, 3, 0, 0, 0, 2, 0, 0, 0, 17, 7, 19, 13, 3, -1, 8, 19, 11, 4, 7, 34]
sns_3_Indiv: []
---
sns_1_Indiv: [43, -9, -9, 21, 26, 19, 11, -2, 43, 0, -2, 0, 28, -6, -1, 11, 14, 2, 21, -5, 11, 5, -4, 21, 9, 9, 7, -4, -38, 7, 2, 3, -3, -11, 11, 0]
sns_2_Indiv: [-90, 0, 0, 0, 492, 387, 0, 0, -52, 0, 0, 0, 40, 9, -2, 0, -3, 0, 0, 0, 2, 0, 0, 0, 56, 16, 18, 3, 13, -1, 9, 23, 23, 7, 15, 9]
sns_3_Indiv: []
---
sns_1_Indiv: [-20, 5, 4, 11, -42, 3, 14, 15, -8, -8, 1, 4, 13, 0, -8, 7, 22, 3, 19, -1, 35, 10, 7, 10, 5, 14, 5, 17, -17, 16, -6, 14, 18, 3, 3, 11]
sns_2_Indiv: [402, 0, 0, 0, 20, -28, 0, 0, 73, 0, 0, 0, 5, 18, 66, 0, 3, 0, 0, 0, -4, 0, 0, 0, -3, 20, -9, -2, 23, -1, 16, 13, 55, 8, 8, 6]
sns_3_Indiv: []
---
sns_1_Indiv: [-30, 3, -10, 15, 15, -18, -3, 4, 27, 12, 14, 8, -30, 0, 32, 4, 1, 0, 16, 1, -29, 31, 4, 21, 8, 6, 12, 17, 24, 1, 7, 17, -2, -2, 6, 4]
sns_2_Indiv: [-90, 0, 0, 0, 492, 280, 0, 0, -53, 0, 0, 0, -3, -6, -28, 0, 4, 0, 0, 0, 6, 0, 0, 0, 14, 10, 12, 11, 10, -1, 5, 13, -27, 1, -1, 15]
sns_3_Indiv: []
---
sns_1_Indiv: [60, 2, 8, 8, 19, -4, 21, 7, 5, -12, 9, 17, 15, 14, 23, 1, 24, 16, 20, 8, 14, 24, -13, 15, -9, 11, 11, 8, -20, 41, 34, 10, 39, 8, 6, 0]
sns_2_Indiv: [169, 0, 0, 0, 25, -28, 0, 0, 72, 0, 0, 0, -8, 23, -7, 0, 3, 0, 0, 0, 9, 0, 0, 0, 14, 8, 28, 11, 8, -1, 24, 4, -20, 9, 20, 4]
sns_3_Indiv: []
---
sns_1_Indiv: [-21, 7, 19, 20, 38, 31, 7, -1, -6, 19, 14, 7, -37, 0, 29, 7, 15, 7, -3, -6, -2, -8, 19, 4, 5, 15, 17, 12, -23, -5, 4, 14, -10, 3, 6, 3]
sns_2_Indiv: [-90, 0, 0, 0, -102, -28, 0, 0, -53, 0, 0, 0, -6, 4, -25, 0, -4, 0, 0, 0, 5, 0, 0, 0, 15, 19, 52, 13, 14, -1, 12, 2, -3, 0, 18, 4]
sns_3_Indiv: []
---
sns_1_Indiv: [48, 10, -2, 18, 49, 1, 18, -4, -64, 20, 7, 17, 11, 14, 37, -6, -4, -1, 11, 10, 8, -2, 16, 16, -3, -2, 8, 1, -28, 11, 9, 9, -5, -3, 4, -2]
sns_2_Indiv: [359, 0, 0, 0, 154, -28, 0, 0, -10, 0, 0, 0, -13, 3, 290, 0, -3, 0, 0, 0, 5, 0, 0, 0, -3, 23, 0, 9, 62, -1, 13, 1, -22, 1, -3, -1]
sns_3_Indiv: []
---
sns_1_Indiv: [49, 5, 11, 10, -55, -17, -16, 7, 7, -5, -6, -1, 14, -1, -9, 6, 20, -1, 22, 5, 13, -6, -1, 13, 9, 8, 4, 19, 9, 8, 5, 9, 7, 1, 2, 0]
sns_2_Indiv: [224, 0, 0, 0, 415, -28, 0, 0, 64, 0, 0, 0, 41, -3, 26, 0, -3, 0, 0, 0, -3, 0, 0, 0, -5, 8, 54, 9, 54, -1, 4, 1, 12, 1, 14, 10]
sns_3_Indiv: []
---
sns_1_Indiv: [8, 12, -8, -2, 26, 21, 5, -1, 24, -2, 15, 1, 18, -2, 5, -3, 19, 0, 7, 10, -26, 4, 0, 7, 15, 13, 7, -3, 22, 1, 3, 3, -3, 1, 2, 8]
sns_2_Indiv: [567, 0, 0, 0, 285, -28, 0, 0, 84, 0, 0, 0, 6, 18, 14, 0, 4, 0, 0, 0, -4, 0, 0, 0, 21, 9, -8, 4, -12, -1, 20, 6, -23, 3, 13, -2]
sns_3_Indiv: []
---
sns_1_Indiv: [39, 4, 24, 14, -56, 16, -9, -2, 32, 11, 8, 1, 22, 14, -6, 16, 13, 5, 12, -7, -21, 5, 1, 4, 22, 9, 1, 13, 10, 4, 0, 7, -22, -1, 7, 18]
sns_2_Indiv: [557, 0, 0, 0, 283, -28, 0, 0, -54, 0, 0, 0, 2, -8, -27, 0, -3, 0, 0, 0, -3, 0, 0, 0, 11, 21, 63, 11, 20, -1, 2, 6, 23, 2, 12, 7]
sns_3_Indiv: []
---
sns_1_Indiv: [34, 4, -7, 0, 19, 15, -10, 8, -34, -4, 8, 1, -27, 5, 2, -4, -11, -3, 0, 4, -5, 34, -7, 7, -30, 36, -1, 6, 22, 17, 11, 4, 7, -3, 6, 5]
sns_2_Indiv: [-90, 0, 0, 0, -231, -28, 0, 0, -44, 0, 0, 0, -1, 10, -24, 0, -3, 0, 0, 0, -3, 0, 0, 0, 8, 4, 29, 5, -3, -1, 19, 10, 19, 11, 21, 13]
sns_3_Indiv: []
---
sns_1_Indiv: [28, 3, 7, 20, 12, 24, -5, 11, 22, 4, 1, -8, -2, -1, -34, 8, -7, 1, -2, -3, 3, -1, -4, 15, -48, -2, 10, 11, 32, 9, 4, -3, 33, 4, 1, 8]
sns_2_Indiv: [248, 0, 0, 0, 492, 291, 0, 0, -53, 0, 0, 0, 2, -4, 104, 0, 128, 0, 0, 0, -3, 0, 0, 0, 15, 43, 4, 4, 4, 8, 29, 4, 6, 2, 9, 5]
sns_3_Indiv: []
---
sns_1_Indiv: [21, 8, 13, -3, 6, -14, 18, -2, -7, 1, 2, -10, 8, 1, 28, -1, -30, 3, -7, -3, -35, 5, 20, 10, 1, -8, 1, 8, -32, 8, 10, 7, 41, 1, 8, 8]
sns_2_Indiv: [295, 0, 0, 0, 501, 292, 0, 0, -53, 0, 0, 0, 71, 17, -24, 0, -3, 0, 0, 0, 3, 0, 0, 0, 48, 63, -5, 14, 57, -1, 33, 8, 5, 4, 12, 4]
sns_3_Indiv: []
---
sns_1_Indiv: [2, -5, 12, 2, 33, 24, 5, 2, -3, -5, 1, -3, 6, -2, 28, -1, -9, -12, 29, 6, -36, 11, 3, 1, -20, 10, 7, 18, -24, 16, -10, -2, 8, 0, 1, 0]
sns_2_Indiv: [284, 0, 0, 0, 286, -28, 0, 0, 83, 0, 0, 0, -11, 11, -27, 0, 4, 0, 0, 0, 5, 0, 0, 0, -9, 11, 9, 4, 28, -1, -9, 16, -21, -3, 3, 8]
sns_3_Indiv: []
---
sns_1_Indiv: [-56, 1, -6, -13, -58, 23, -7, 9, 8, 10, -1, 6, 21, 0, 12, 11, 1, 6, 1, 7, 10, 21, 11, 7, -53, 0, 7, 7, -30, 6, -8, -3, -7, -1, 7, 2]
sns_2_Indiv: [419, 0, 0, 0, 154, -28, 0, 0, -53, 0, 0, 0, -8, 8, -23, 0, 4, 0, 0, 0, -4, 0, 0, 0, 16, 15, -1, 6, 35, -1, 23, 19, 13, 7, 23, -4]
sns_3_Indiv: []
---
sns_1_Indiv: [-17, 5, -2, 7, 13, -11, -1, -4, 13, 1, -2, 11, -55, 7, 20, -4, -21, 6, -2, -4, 7, -1, -8, 5, -31, 5, 15, 5, 13, 10, -1, 7, -7, 2, 13, 4]
sns_2_Indiv: [-90, 0, 0, 0, 156, -28, 0, 0, -53, 0, 0, 0, 42, -11, -24, 0, -4, 0, 0, 0, -4, 0, 0, 0, 7, 17, 48, 3, 19, -1, 22, 26, 18, -2, 18, 6]
sns_3_Indiv: []
---
sns_1_Indiv: [-21, 9, -6, 14, 22, -11, 8, -1, 22, 10, 13, 4, -37, 6, -34, 5, -10, 9, 1, -2, 3, 5, -8, 19, -12, 6, -11, 8, -14, -2, 16, -14, 8, -8, 7, -9]
sns_2_Indiv: [-90, 0, 0, 0, 492, 286, 0, 0, 202, 0, 0, 0, 16, 21, -53, 0, 4, 0, 0, 0, 7, 0, 0, 0, -15, 30, 11, 12, -3, -1, 17, 0, 34, 8, 6, 8]
sns_3_Indiv: []
---
sns_1_Indiv: [28, -13, -10, 2, 3, -17, 5, -8, -10, 8, 6, 0, 27, 7, -22, 8, 12, -3, 34, -2, 24, 3, 1, -7, -32, 8, 15, 3, -39, 0, 6, -8, 5, 1, 2, -14]
sns_2_Indiv: [-90, 0, 0, 0, -355, -28, 0, 0, -53, 0, 0, 0, 33, 13, -62, 0, -3, 0, 0, 0, 5, 0, 0, 0, 11, 14, 48, 11, 56, -1, 3, 8, 18, 2, 6, 6]
sns_3_Indiv: []
---
sns_1_Indiv: [6, 2, 9, 0, 23, -8, -5, 2, 5, 0, 5, 2, -24, 1, -21, -2, 15, 2, -1, 2, 5, 3, 0, -9, 15, 13, 8, 0, -42, 8, 13, 2, 3, -14, -5, 4]
sns_2_Indiv: [295, 0, 0, 0, 155, -28, 0, 0, -25, 0, 0, 0, 5, 3, -40, 0, -3, 0, 0, 0, 9, 0, 0, 0, -5, 27, 47, 11, 57, -1, 11, 8, 12, 0, 70, 6]
sns_3_Indiv: []
---
sns_1_Indiv: [13, 5, 12, 8, 24, 5, 19, -9, 0, 2, 6, 0, 9, 5, -1, 9, -12, 1, 23, -7, 16, -7, -4, -11, -5, -10, 9, 14, -40, 13, -8, 10, -15, -2, 0, -9]
sns_2_Indiv: [177, 0, 0, 0, 492, 285, 0, 0, -53, 0, 0, 0, 3, 3, -23, 0, 3, 0, 0, 0, -4, 0, 0, 0, 0, 5, 19, 11, 41, -1, 5, 3, 28, 2, -7, 6]
sns_3_Indiv: []
---
sns_1_Indiv: [56, -9, 6, 8, 24, 16, 22, 7, 20, 17, 6, 11, 13, 7, -10, -8, 10, 17, -16, -5, -28, -4, 11, 17, -1, 10, 18, -5, -11, 17, 4, -2, 7, -7, 5, 2]
sns_2_Indiv: [420, 0, 0, 0, 23, -28, 0, 0, -53, 0, 0, 0, 1, 18, -27, 0, 4, 0, 0, 0, -4, 0, 0, 0, 16, 1, 9, 6, 47, -1, 31, -5, 9, 8, 21, -2]
sns_3_Indiv: []
---
sns_1_Indiv: [1, -2, 8, 4, 15, 3, 6, -10, -47, -1, 4, 4, 24, -2, 22, 6, 1, 2, -17, -10, 16, 17, 3, 5, 6, 8, 8, 15, -25, 1, 9, 6, -22, -7, -1, 9]
sns_2_Indiv: [291, 0, 0, 0, 155, -28, 0, 0, 84, 0, 0, 0, 6, 11, 64, 0, 4, 0, 0, 0, 5, 0, 0, 0, -1, 16, 80, 10, 4, -1, 4, 2, -2, 1, 1, -6]
sns_3_Indiv: []
---
sns_1_Indiv: [1, -7, 8, 1, 57, 13, 11, 11, 27, 11, 19, 8, -36, 11, -30, 4, 7, 19, 3, 3, 19, 10, 6, 8, -41, 6, 10, 14, -21, 7, 6, -2, 3, 5, -8, 5]
sns_2_Indiv: [293, 0, 0, 0, 406, -28, 0, 0, -52, 0, 0, 0, 50, 1, -127, 0, 4, 0, 0, 0, -4, 0, 0, 0, 52, 11, 6, 10, 13, -1, 13, 13, 30, -2, 20, 3]
sns_3_Indiv: []
---
sns_1_Indiv: [-2, 3, 10, 4, 28, 4, 13, -3, 3, 18, 1, 9, 17, -7, 30, 3, 18, 13, 6, 5, 11, 12, 5, 5, 5, 5, 14, 1, -24, 10, -3, 5, -13, -1, 16, -9]
sns_2_Indiv: [291, 0, 0, 0, -100, -28, 0, 0, -58, 0, 0, 0, -14, -2, -26, 0, 3, 0, 0, 0, 5, 0, 0, 0, 11, 7, 76, 10, 28, -1, 3, 6, 23, 2, 6, 6]
sns_3_Indiv: []
---
sns_1_Indiv: [-56, 2, -6, 0, 24, 15, 18, 15, 10, 14, 12, 3, 16, -2, -3, 4, -19, 20, 17, 0, -28, 8, -13, -4, 22, 11, 3, -1, 31, 16, 14, -1, 26, 2, 11, 4]
sns_2_Indiv: [433, 0, 0, 0, -356, -28, 0, 0, 192, 0, 0, 0, 1, 3, -33, 0, -3, 0, 0, 0, 5, 0, 0, 0, 11, 6, 23, 15, -3, -1, 4, 18, 11, -7, 0, 6]
sns_3_Indiv: []
---
sns_1_Indiv: [33, 2, 10, -1, 19, 4, 0, 1, 11, 0, 5, 8, 21, 0, 10, 11, -8, 8, 14, 9, 25, 10, 23, 6, 13, 12, 15, 17, -17, 9, -1, 11, -7, -10, 1, 0]
sns_2_Indiv: [429, 0, 0, 0, 414, -28, 0, 0, -53, 0, 0, 0, -17, -11, -26, 0, -3, 0, 0, 0, -4, 0, 0, 0, 6, 3, 4, -3, -4, -1, 13, 7, 10, 1, 8, -3]
sns_3_Indiv: []
---
sns_1_Indiv: [10, -1, -2, 14, 18, 34, -2, 11, 3, 4, 10, -1, 14, 3, -5, 0, 1, 15, 19, 16, -23, 15, 14, -2, -26, -1, 20, 12, -11, 1, 11, 5, 20, 2, 1, 6]
sns_2_Indiv: [-90, 0, 0, 0, 492, 283, 0, 0, -53, 0, 0, 0, -3, 10, -25, 0, -3, 0, 0, 0, -4, 0, 0, 0, 61, 3, 82, 0, 16, -1, 24, 19, -1, 1, 4, 4]
sns_3_Indiv: []
---
sns_1_Indiv: [-21, 5, -5, 7, 38, 6, -2, -4, -1, 5, -1, 6, 10, 3, 7, 1, 22, 6, 0, -2, -16, -5, -21, 26, 3, 13, 17, 5, 23, 6, 1, 21, 13, -1, 5, -4]
sns_2_Indiv: [567, 0, 0, 0, -101, -28, 0, 0, -41, 0, 0, 0, -9, -4, -54, 0, -6, 0, 0, 0, 7, 0, 0, 0, 3, 19, 50, 8, 1, -1, 17, 6, 1, 2, 5, 6]
sns_3_Indiv: []
---
sns_1_Indiv: [60, 3, 13, -2, 31, 9, -14, -1, 6, 4, 13, 15, 1, 1, -4, -8, 3, 2, 11, -2, 9, 7, -6, 13, 5, 13, 20, 1, -30, 10, 16, 0, 14, -1, 3, 7]
sns_2_Indiv: [251, 0, 0, 0, 286, -28, 0, 0, -53, 0, 0, 0, 1, -3, -51, 0, -3, 0, 0, 0, 3, 0, 0, 0, 7, 14, 21, 6, 36, -1, 13, 6, 15, 1, 18, 7]
sns_3_Indiv: []
---
sns_1_Indiv: [35, 2, 1, 13, 26, -14, -5, -8, 20, -7, -4, 8, 6, -8, 35, 0, 22, 19, 8, 5, 8, 7, -2, 11, 7, 1, 13, 17, 19, 8, 7, -10, 26, 10, 16, 11]
sns_2_Indiv: [-90, 0, 0, 0, -234, -28, 0, 0, -31, 0, 0, 0, 28, 8, -52, 0, 4, 0, 0, 0, 6, 0, 0, 0, 3, 27, 18, 9, -4, -1, 18, 2, 5, 6, -6, 11]
sns_3_Indiv: []
---
sns_1_Indiv: [42, 7, 3, -2, -35, 5, 2, 7, 8, 5, 14, 3, -38, 2, 21, 12, -27, -4, -14, -1, 0, 21, -15, -9, 25, 5, 9, -8, 21, 12, 10, 12, -23, 13, 3, 8]
sns_2_Indiv: [-90, 0, 0, 0, 492, 280, 0, 0, -52, 0, 0, 0, 6, 2, -52, 0, 4, 0, 0, 0, 6, 0, 0, 0, 41, 9, 20, 6, 21, -1, 22, 12, 16, 4, 17, 9]
sns_3_Indiv: []
---
sns_1_Indiv: [-56, 9, -8, 13, 29, -4, 17, -10, 38, 2, 11, 16, 12, -2, 14, 8, 14, 8, 6, 2, -22, 20, -18, 6, -4, 14, 11, 16, -12, 13, -2, 7, 29, -6, 10, 15]
sns_2_Indiv: [255, 0, 0, 0, 414, -28, 0, 0, -53, 0, 0, 0, -8, 14, -30, 0, 129, 0, 0, 0, -4, 0, 0, 0, 44, 15, 68, 10, 9, -1, 1, 27, 18, 10, 21, 8]
sns_3_Indiv: []
---
sns_1_Indiv: [-16, 10, -7, 15, -5, 20, 20, 2, 8, 14, 17, 6, 15, -1, 5, 11, -13, 2, 14, 1, -8, 4, -2, 24, 14, 6, 9, 3, -31, 15, -6, 21, 14, 8, 7, 20]
sns_2_Indiv: [-90, 0, 0, 0, -230, -28, 0, 0, 84, 0, 0, 0, -4, 9, -25, 0, 4, 0, 0, 0, -3, 0, 0, 0, 11, 13, 45, 10, 48, -1, 9, 6, -12, 8, 9, -3]
sns_3_Indiv: []
---
sns_1_Indiv: [-29, -6, 11, -3, -47, 8, -9, 9, 11, 8, 8, 3, 10, -4, 21, 1, 11, 18, 3, 10, -33, -4, 9, 13, 10, 27, 2, 7, 21, 10, 17, -4, 22, -1, 5, 6]
sns_2_Indiv: [-90, 0, 0, 0, 492, 286, 0, 0, -53, 0, 0, 0, -9, 0, 64, 0, 15, 0, 0, 0, -4, 0, 0, 0, -4, -20, 58, 3, 2, -1, 22, 11, 21, 7, -15, 15]
sns_3_Indiv: []
---
sns_1_Indiv: [25, -10, -15, 9, 8, 13, 7, 12, 10, -15, 0, -2, 9, 3, 38, -6, -3, -5, -11, -6, 22, 8, 4, 8, 1, 4, 17, 5, -11, 4, 4, 7, 27, 6, 3, 9]
sns_2_Indiv: [560, 0, 0, 0, 492, 280, 0, 0, -53, 0, 0, 0, 0, 7, -37, 0, -3, 0, 0, 0, 5, 0, 0, 0, 16, -1, -6, 5, -1, -1, 10, 17, 29, 4, 21, 0]
sns_3_Indiv: []
---
sns_1_Indiv: [-27, -8, 13, 3, 25, -9, 20, 1, 30, 6, 11, -6, -31, -12, 4, 12, -14, -3, 21, 8, 31, 2, 15, 23, -3, 19, 24, 5, 41, 13, -8, 3, 16, -3, 0, -3]
sns_2_Indiv: [-90, 0, 0, 0, -229, -28, 0, 0, 84, 0, 0, 0, -7, 2, -60, 0, -3, 0, 0, 0, -4, 0, 0, 0, 11, 12, 65, 5, 4, -1, 17, 11, -19, -1, -9, -1]
sns_3_Indiv: []
---
sns_1_Indiv: [36, -1, -1, 4, 5, -10, 11, 5, -25, -1, 6, -3, 15, 15, 36, 7, -35, -4, 11, 5, 11, 2, 6, 2, -1, 22, -6, 1, 19, 7, 15, -10, 55, -3, 6, 0]
sns_2_Indiv: [-90, 0, 0, 0, 492, 291, 0, 0, -52, 0, 0, 0, -1, 16, -25, 0, 3, 0, 0, 0, -4, 0, 0, 0, -9, 15, -5, 11, -8, -1, 4, -4, 23, 9, 7, 10]
sns_3_Indiv: []
---
sns_1_Indiv: [12, 4, -1, 3, 14, 28, 16, -4, 13, -1, 8, 5, 15, 5, -12, 17, 2, 7, -1, 2, 17, 1, 1, 14, -37, 12, 10, 20, -7, 11, -9, 14, 22, 8, 0, 19]
sns_2_Indiv: [-90, 0, 0, 0, -229, -28, 0, 0, -53, 0, 0, 0, 5, -4, -4, 0, -3, 0, 0, 0, -3, 0, 0, 0, 17, 13, 39, 15, 9, -1, 6, 13, 19, 0, 11, -5]
sns_3_Indiv: []
---
